appid,name,release_date,release_date_iso,price_currency,price_final_cents,price_initial_cents,price_discount_percent,price_final_formatted,developers,publishers,store_url,steamspy_owners,steamspy_ccu,steamspy_average_forever,steamspy_average_2weeks,steamspy_median_forever,steamspy_median_2weeks,steamspy_score_rank,steamspy_price,steamspy_initialprice,steamspy_discount,steamspy_genre,steamspy_tags
1313,SiN Gold,"Mar 18, 2020",2020-03-18,USD,999,999,0,$9.99,Ritual Entertainment; Nightdive Studios,Nightdive Studios; Atari,https://store.steampowered.com/app/1313/,"100,000 .. 200,000",2,0,0,0,0,,999,999,0,Action,"{""Action"": 167, ""FPS"": 29, ""Cult Classic"": 28, ""Shooter"": 24, ""Violent"": 23, ""First-Person"": 22, ""Multiplayer"": 21, ""Singleplayer"": 21, ""Horror"": 19, ""Boomer Shooter"": 16, ""Classic"": 14, ""1990's"": 14, ""Retro"": 10, ""Cyberpunk"": 10, ""Gore"": 8, ""Great Soundtrack"": 7}"
7800,Stubbs the Zombie in Rebel Without a Pulse,"Mar 16, 2021",2021-03-16,USD,1999,1999,0,$19.99,Aspyr,Aspyr,https://store.steampowered.com/app/7800/,"200,000 .. 500,000",6,0,0,0,0,,1999,1999,0,Action,"{""Zombies"": 232, ""Funny"": 211, ""Villain Protagonist"": 206, ""Violent"": 200, ""Gore"": 193, ""Action"": 174, ""Cartoony"": 174, ""Action-Adventure"": 167, ""Singleplayer"": 163, ""Third Person"": 159, ""3D"": 158, ""Adventure"": 157, ""Arcade"": 154, ""Dark Comedy"": 147, ""Alternate History"": 142, ""Local Co-Op"": 142, ""Retro"": 137, ""Lemmings"": 131, ""Outbreak Sim"": 123, ""Vehicular Combat"": 119}"
11550,Second Sight,"Apr 8, 2021",2021-04-08,USD,999,999,0,$9.99,Free Radical Design,THQ Nordic,https://store.steampowered.com/app/11550/,"20,000 .. 50,000",0,0,0,0,0,,999,999,0,Action,"{""Action"": 80, ""Third-Person Shooter"": 17, ""Stealth"": 14, ""Story Rich"": 12, ""Cult Classic"": 12, ""Classic"": 10, ""Psychological"": 10, ""Supernatural"": 9, ""Atmospheric"": 8, ""Singleplayer"": 8, ""Sci-fi"": 5}"
12210,Grand Theft Auto IV: The Complete Edition,"Mar 24, 2020",2020-03-24,USD,1999,1999,0,$19.99,Rockstar North; Rockstar Toronto,Rockstar Games,https://store.steampowered.com/app/12210/,"5,000,000 .. 10,000,000",2122,0,0,0,0,,1999,1999,0,"Action, Adventure","{""Open World"": 2658, ""Action"": 2087, ""Automobile Sim"": 1434, ""Multiplayer"": 1416, ""Crime"": 1414, ""Third Person"": 1279, ""Adventure"": 1191, ""Singleplayer"": 1008, ""Third-Person Shooter"": 965, ""Moddable"": 913, ""Sandbox"": 909, ""Shooter"": 870, ""Physics"": 739, ""Atmospheric"": 587, ""Classic"": 566, ""Dark Humor"": 545, ""Funny"": 544, ""Gore"": 522, ""Satire"": 438, ""Co-op"": 427}"
12364,Big Mutha Truckers,"Jun 8, 2025",2025-06-08,USD,899,899,0,$8.99,Eutechnyx,Strategy First,https://store.steampowered.com/app/12364/,"0 .. 20,000",0,0,0,0,0,,899,899,0,"Racing, Simulation",
16900,GROUND BRANCH,"Aug 14, 2018",2018-08-14,USD,2999,2999,0,$29.99,BlackFoot Studios,MicroProse Software,https://store.steampowered.com/app/16900/,"1,000,000 .. 2,000,000",349,0,0,0,0,,2999,2999,0,"Action, Indie, Simulation, Early Access","{""Tactical"": 526, ""Realistic"": 480, ""Military"": 423, ""FPS"": 376, ""Shooter"": 292, ""Multiplayer"": 290, ""Singleplayer"": 241, ""Simulation"": 234, ""Action"": 197, ""Co-op"": 184, ""First-Person"": 176, ""Gun Customization"": 164, ""War"": 129, ""Online Co-Op"": 124, ""Early Access"": 113, ""Indie"": 113, ""Strategy"": 82, ""Team-Based"": 81, ""Sandbox"": 64, ""Atmospheric"": 56}"
24880,The Saboteur™,"Mar 7, 2024",2024-03-07,USD,199,999,80,$1.99,Pandemic Studios,Electronic Arts,https://store.steampowered.com/app/24880/,"200,000 .. 500,000",37,0,0,0,0,,199,999,80,"Action, Adventure","{""Action"": 85, ""Adventure"": 83, ""Singleplayer"": 70, ""World War II"": 69, ""Third Person"": 58, ""Open World"": 54, ""Stealth"": 33, ""Nudity"": 19, ""Parkour"": 18, ""Noir"": 11, ""Sexual Content"": 9, ""Classic"": 8, ""War"": 7, ""Atmospheric"": 6, ""Controller"": 6}"
25000,Overgrowth,"Oct 16, 2017",2017-10-16,USD,1999,1999,0,$19.99,Wolfire Games,Wolfire Games,https://store.steampowered.com/app/25000/,"500,000 .. 1,000,000",28,0,0,0,0,,1999,1999,0,"Action, Indie","{""Action"": 343, ""Parkour"": 336, ""Indie"": 291, ""Martial Arts"": 291, ""Sandbox"": 238, ""Fighting"": 223, ""Fast-Paced"": 186, ""Physics"": 186, ""Gore"": 182, ""Moddable"": 181, ""Combat"": 167, ""Open World"": 156, ""Ninja"": 145, ""Third Person"": 129, ""Multiplayer"": 120, ""Singleplayer"": 97, ""Difficult"": 91, ""Funny"": 85, ""Adventure"": 78, ""Local Co-Op"": 69}"
29720,Guild Wars® Reforged,"Dec 3, 2025",2025-12-03,USD,1999,1999,0,$19.99,ArenaNet®,ArenaNet®; NCSOFT,https://store.steampowered.com/app/29720/,"0 .. 20,000",86,0,0,0,0,,1999,1999,0,"Action, Adventure, Massively Multiplayer, RPG",
40960,Stronghold 2: Steam Edition,"Oct 5, 2017",2017-10-05,USD,1499,1499,0,$14.99,Firefly Studios,Firefly Studios,https://store.steampowered.com/app/40960/,"500,000 .. 1,000,000",128,0,0,0,0,,1499,1499,0,"Simulation, Strategy","{""City Builder"": 326, ""Real Time Tactics"": 304, ""Medieval"": 301, ""Colony Sim"": 297, ""Sandbox"": 291, ""Building"": 290, ""Management"": 274, ""Economy"": 274, ""War"": 272, ""Military"": 269, ""Strategy"": 268, ""Base-Building"": 267, ""RTS"": 257, ""Real-Time"": 253, ""Isometric"": 158, ""Top-Down"": 156, ""Historical"": 147, ""Open World"": 138, ""Simulation"": 134, ""Resource Management"": 121}"
40980,Stronghold Legends: Steam Edition,"Sep 15, 2016",2016-09-15,USD,1499,1499,0,$14.99,Firefly Studios,Firefly Studios,https://store.steampowered.com/app/40980/,"200,000 .. 500,000",57,0,0,0,0,,1499,1499,0,"Simulation, Strategy","{""Real Time Tactics"": 211, ""City Builder"": 211, ""Colony Sim"": 196, ""Sandbox"": 192, ""Building"": 189, ""Management"": 183, ""Economy"": 182, ""Medieval"": 177, ""War"": 168, ""Military"": 165, ""Base-Building"": 164, ""Real-Time"": 153, ""RTS"": 153, ""Strategy"": 152, ""Isometric"": 141, ""Historical"": 136, ""Open World"": 132, ""Simulation"": 128, ""Resource Management"": 120, ""Fantasy"": 117}"
41050,Serious Sam Classic: The First Encounter,"Aug 30, 2019",2019-08-30,USD,599,599,0,$5.99,Croteam,Devolver Digital,https://store.steampowered.com/app/41050/,"200,000 .. 500,000",11,0,0,0,0,,599,599,0,"Action, Indie","{""Action"": 161, ""FPS"": 160, ""Classic"": 131, ""Shooter"": 78, ""Gore"": 75, ""Co-op"": 68, ""Indie"": 63, ""Comedy"": 60, ""Multiplayer"": 60, ""Singleplayer"": 58, ""Local Co-Op"": 54, ""First-Person"": 53, ""Sci-fi"": 41, ""Great Soundtrack"": 35, ""Split Screen"": 33, ""Old School"": 33, ""Difficult"": 32, ""Funny"": 28, ""Adventure"": 28, ""Violent"": 27}"
41060,Serious Sam Classic: The Second Encounter,"Aug 30, 2019",2019-08-30,USD,599,599,0,$5.99,Croteam,Devolver Digital,https://store.steampowered.com/app/41060/,"0 .. 20,000",10,0,0,0,0,,599,599,0,"Action, Indie","{""Action"": 133, ""FPS"": 115, ""Classic"": 87, ""Gore"": 71, ""Shooter"": 58, ""Co-op"": 57, ""First-Person"": 54, ""Indie"": 51, ""Multiplayer"": 41, ""Old School"": 41, ""Singleplayer"": 37, ""Comedy"": 36, ""Great Soundtrack"": 33, ""Split Screen"": 28, ""Sci-fi"": 26, ""Violent"": 25, ""Adventure"": 25, ""Local Co-Op"": 24, ""Funny"": 18, ""Boomer Shooter"": 15}"
45200,Defense of the Oasis,"Aug 25, 2020",2020-08-25,USD,499,499,0,$4.99,Mind Control Software,Mind Control Software; Monkey Jump Games,https://store.steampowered.com/app/45200/,"200,000 .. 500,000",1,0,0,0,0,,499,499,0,"Casual, Strategy","{""Strategy"": 295, ""Casual"": 291, ""Exploration"": 264, ""Procedural Generation"": 260, ""Turn-Based Strategy"": 254, ""Mythology"": 244, ""Resource Management"": 235, ""Logic"": 228, ""4X"": 220, ""Retro"": 208, ""Building"": 198, ""2D"": 189, ""Top-Down"": 176, ""Historical"": 173, ""Colorful"": 158, ""Economy"": 141, ""Fantasy"": 125, ""Magic"": 106, ""PvE"": 87, ""War"": 68}"
45420,Land It!,"Aug 1, 2016",2016-08-01,USD,999,999,0,$9.99,Nemesys Games,Nemesys Games,https://store.steampowered.com/app/45420/,"0 .. 20,000",0,0,0,0,0,,999,999,0,"Casual, Indie, Simulation","{""Casual"": 22, ""Indie"": 20, ""Simulation"": 20}"
115800,Owlboy,"Nov 1, 2016",2016-11-01,USD,1999,1999,0,$19.99,D-Pad Studio,D-Pad Studio,https://store.steampowered.com/app/115800/,"500,000 .. 1,000,000",7,0,0,0,0,,1999,1999,0,"Action, Adventure, Indie","{""Pixel Graphics"": 278, ""Adventure"": 222, ""Indie"": 219, ""Platformer"": 214, ""Metroidvania"": 213, ""2D"": 210, ""Story Rich"": 204, ""Atmospheric"": 200, ""Fantasy"": 196, ""Action"": 195, ""Puzzle-Platformer"": 194, ""Singleplayer"": 191, ""Retro"": 187, ""Action-Adventure"": 185, ""Flight"": 183, ""Funny"": 179, ""Cute"": 177, ""2D Platformer"": 177, ""Great Soundtrack"": 172, ""Pirates"": 172}"
211820,Starbound,"Jul 22, 2016",2016-07-22,USD,1499,1499,0,$14.99,Chucklefish,Chucklefish,https://store.steampowered.com/app/211820/,"2,000,000 .. 5,000,000",894,0,0,0,0,,1499,1499,0,"Action, Adventure, Casual, Indie, RPG","{""Open World Survival Craft"": 5404, ""Sandbox"": 4758, ""Survival"": 3365, ""Space"": 3236, ""Adventure"": 3234, ""Crafting"": 3037, ""Pixel Graphics"": 2994, ""Online Co-Op"": 2971, ""Multiplayer"": 2905, ""Open World"": 2868, ""Exploration"": 2846, ""Relaxing"": 2830, ""Indie"": 2783, ""2D"": 2595, ""Action"": 2493, ""Building"": 2467, ""Co-op"": 2446, ""RPG"": 2426, ""Atmospheric"": 2416, ""Sci-fi"": 1451}"
215550,Zombie Playground™,"Oct 31, 2016",2016-10-31,USD,999,999,0,$9.99,stealth.gg,stealth.gg,https://store.steampowered.com/app/215550/,"50,000 .. 100,000",0,0,0,0,0,,999,999,0,"Action, Adventure, Indie, RPG","{""Action"": 38, ""Indie"": 37, ""RPG"": 30, ""Adventure"": 23, ""Zombies"": 16, ""Third-Person Shooter"": 16, ""Horror"": 15, ""Funny"": 15, ""Early Access"": 5}"
221680,Rocksmith® 2014 Edition REMASTERED LEARN & PLAY,"Dec 19, 2024",2024-12-19,USD,999,999,0,$9.99,Ubisoft - San Francisco; Ubisoft - Osaka,Ubisoft,https://store.steampowered.com/app/221680/,"500,000 .. 1,000,000",683,0,0,0,0,,999,999,0,"Casual, Simulation","{""Music"": 550, ""Education"": 380, ""Simulation"": 250, ""Rhythm"": 220, ""Great Soundtrack"": 110, ""Casual"": 94, ""Local Co-Op"": 89, ""Singleplayer"": 75, ""Rock Music"": 22, ""Difficult"": 16, ""Moddable"": 10, ""Co-op"": 10, ""Addictive"": 8, ""Multiplayer"": 7}"
223100,Homefront®: The Revolution,"May 17, 2016",2016-05-17,USD,1999,1999,0,$19.99,Dambuster Studios,Deep Silver,https://store.steampowered.com/app/223100/,"500,000 .. 1,000,000",26,0,0,0,0,,1999,1999,0,"Action, Adventure","{""Action"": 282, ""FPS"": 241, ""Open World"": 239, ""Shooter"": 194, ""Multiplayer"": 190, ""Co-op"": 160, ""War"": 138, ""Singleplayer"": 136, ""First-Person"": 136, ""Online Co-Op"": 128, ""Stealth"": 120, ""Adventure"": 99, ""Military"": 97, ""Survival"": 89, ""Atmospheric"": 75, ""Violent"": 74, ""Dystopian "": 74, ""Crafting"": 68, ""Story Rich"": 64, ""Futuristic"": 63}"
226280,Warp Frontier,"Sep 28, 2021",2021-09-28,USD,1499,1499,0,$14.99,Brawsome,Brawsome,https://store.steampowered.com/app/226280/,"20,000 .. 50,000",0,0,0,0,0,,1499,1499,0,"Adventure, Indie","{""Adventure"": 101, ""Point & Click"": 97, ""2D"": 90, ""Hand-drawn"": 87, ""Realistic"": 83, ""Detective"": 77, ""Dark Humor"": 77, ""Drama"": 73, ""Emotional"": 71, ""Futuristic"": 70, ""Sci-fi"": 69, ""Investigation"": 68, ""Post-apocalyptic"": 66, ""Space"": 64, ""Transhumanism"": 60, ""Choices Matter"": 58, ""Conversation"": 55, ""Multiple Endings"": 53, ""Story Rich"": 51, ""Indie"": 50}"
226620,Desktop Dungeons,"Apr 18, 2023",2023-04-18,USD,1499,1499,0,$14.99,QCF Design,QCF Design,https://store.steampowered.com/app/226620/,"200,000 .. 500,000",12,0,0,0,0,,1499,1499,0,"Adventure, Casual, Indie, RPG, Strategy","{""Rogue-like"": 260, ""Turn-Based"": 135, ""Puzzle"": 129, ""RPG"": 103, ""Singleplayer"": 81, ""Fantasy"": 73, ""Resource Management"": 67, ""Difficult"": 63, ""Casual"": 61, ""Great Soundtrack"": 43, ""Rogue-lite"": 42, ""2D"": 36, ""Comedy"": 35, ""Dungeon Crawler"": 29, ""Addictive"": 28, ""Procedural Generation"": 28, ""Top-Down"": 26, ""Traditional Roguelike"": 26, ""Replay Value"": 19, ""Dwarf"": 18}"
227780,Serious Sam Classics: Revolution,"Aug 30, 2019",2019-08-30,USD,999,999,0,$9.99,Croteam; Alligator Pit,Devolver Digital,https://store.steampowered.com/app/227780/,"200,000 .. 500,000",23,0,0,0,0,,999,999,0,"Action, Indie","{""Action"": 112, ""FPS"": 96, ""Classic"": 68, ""Shooter"": 60, ""Co-op"": 59, ""Indie"": 56, ""First-Person"": 38, ""Old School"": 34, ""Comedy"": 30, ""Multiplayer"": 29, ""Gore"": 26, ""Sci-fi"": 18, ""Boomer Shooter"": 16, ""Remake"": 15, ""Funny"": 14, ""Split Screen"": 13, ""Singleplayer"": 12, ""Difficult"": 12, ""Adventure"": 11, ""Atmospheric"": 10}"
227860,Castle Story,"Aug 17, 2017",2017-08-17,USD,999,999,0,$9.99,Sauropod Studio,Sauropod Studio,https://store.steampowered.com/app/227860/,"200,000 .. 500,000",36,0,0,0,0,,999,999,0,"Indie, Simulation, Strategy","{""Colony Sim"": 446, ""Strategy"": 429, ""Building"": 422, ""Sandbox"": 360, ""Multiplayer"": 248, ""Survival"": 242, ""Open World Survival Craft"": 232, ""Indie"": 206, ""Singleplayer"": 167, ""Tower Defense"": 165, ""Open World"": 163, ""Crafting"": 159, ""Co-op"": 144, ""RTS"": 120, ""Simulation"": 105, ""Early Access"": 99, ""Kickstarter"": 95, ""Voxel"": 91, ""Adventure"": 75, ""Casual"": 64}"
228360,Full Throttle Remastered,"Apr 18, 2017",2017-04-18,USD,1499,1499,0,$14.99,Double Fine Productions; Shiny Shoe,Double Fine Productions,https://store.steampowered.com/app/228360/,"200,000 .. 500,000",8,0,0,0,0,,1499,1499,0,Adventure,"{""Adventure"": 105, ""Point & Click"": 82, ""Comedy"": 55, ""Classic"": 51, ""Singleplayer"": 47, ""Funny"": 44, ""Story Rich"": 33, ""Great Soundtrack"": 32, ""1990's"": 30, ""Remake"": 29, ""Cult Classic"": 25, ""Motorbike"": 17, ""Pixel Graphics"": 13, ""Atmospheric"": 11, ""Short"": 11, ""Old School"": 10}"
228380,Wreckfest,"Jun 14, 2018",2018-06-14,USD,2999,2999,0,$29.99,Bugbear,THQ Nordic,https://store.steampowered.com/app/228380/,"1,000,000 .. 2,000,000",328,0,0,0,0,,2999,2999,0,"Action, Indie, Racing, Simulation, Sports","{""Racing"": 976, ""Destruction"": 703, ""Automobile Sim"": 660, ""Simulation"": 507, ""Multiplayer"": 468, ""Driving"": 466, ""Physics"": 444, ""Action"": 393, ""Indie"": 240, ""Sports"": 229, ""Singleplayer"": 199, ""Realistic"": 187, ""Funny"": 154, ""Arcade"": 136, ""Early Access"": 126, ""Sandbox"": 106, ""Third Person"": 70, ""Co-op"": 66, ""Open World"": 62, ""Atmospheric"": 48}"
229560,Hacker Evolution IMMERSION,"Jul 29, 2016",2016-07-29,USD,1999,1999,0,$19.99,exosyphen studios,exosyphen studios,https://store.steampowered.com/app/229560/,"0 .. 20,000",0,0,0,0,0,,1999,1999,0,"Action, Indie, Simulation, Early Access","{""Simulation"": 23, ""Indie"": 22, ""Early Access"": 21, ""Action"": 20, ""Hacking"": 10}"
230210,ASYLUM,"Mar 13, 2025",2025-03-13,USD,2499,2499,0,$24.99,Senscape,Senscape,https://store.steampowered.com/app/230210/,"0 .. 20,000",3,0,0,0,0,,2499,2499,0,"Adventure, Indie","{""Adventure"": 78, ""Indie"": 76, ""Horror"": 72, ""Point & Click"": 59, ""Psychological Horror"": 55, ""Atmospheric"": 54, ""Gore"": 52, ""Mystery"": 43, ""First-Person"": 43, ""Story Rich"": 42, ""Dark"": 40, ""Lovecraftian"": 32, ""Singleplayer"": 29, ""Exploration"": 23, ""Gothic"": 21, ""Puzzle"": 20, ""Supernatural"": 19, ""Kickstarter"": 18, ""Mature"": 16, ""Classic"": 15}"
230270,N++ (NPLUSPLUS),"Aug 25, 2016",2016-08-25,USD,1499,1499,0,$14.99,Metanet Software Inc.,Metanet Software Inc.,https://store.steampowered.com/app/230270/,"200,000 .. 500,000",10,0,0,0,0,,1499,1499,0,Action,"{""Precision Platformer"": 227, ""2D Platformer"": 215, ""Local Co-Op"": 214, ""Local Multiplayer"": 213, ""Action"": 211, ""Difficult"": 208, ""Parkour"": 203, ""Level Editor"": 195, ""Minimalist"": 194, ""Indie"": 182, ""Ninja"": 172, ""Singleplayer"": 170, ""Puzzle-Platformer"": 165, ""Fast-Paced"": 164, ""Colorful"": 158, ""4 Player Local"": 158, ""Arcade"": 155, ""Family Friendly"": 154, ""Physics"": 149, ""Platformer"": 148}"
232090,Killing Floor 2,"Nov 18, 2016",2016-11-18,USD,2999,2999,0,$29.99,Tripwire Interactive,Tripwire Interactive,https://store.steampowered.com/app/232090/,"2,000,000 .. 5,000,000",4508,0,0,0,0,,2999,2999,0,Action,"{""Zombies"": 3143, ""Multiplayer"": 2863, ""Online Co-Op"": 2857, ""Gore"": 2854, ""FPS"": 2852, ""Post-apocalyptic"": 2838, ""Hack and Slash"": 2815, ""Horror"": 2805, ""Shooter"": 2803, ""Action"": 2800, ""Moddable"": 2795, ""First-Person"": 2793, ""Survival"": 2791, ""Co-op"": 2784, ""Survival Horror"": 2771, ""Team-Based"": 2770, ""Atmospheric"": 2750, ""PvE"": 1197, ""Character Customization"": 1150, ""Dark"": 1144}"
233610,Distance,"Sep 18, 2018",2018-09-18,USD,2499,2499,0,$24.99,Refract,Refract,https://store.steampowered.com/app/233610/,"200,000 .. 500,000",19,0,0,0,0,,2499,2499,0,"Action, Indie, Racing","{""Racing"": 336, ""Great Soundtrack"": 207, ""Futuristic"": 180, ""Multiplayer"": 160, ""Level Editor"": 157, ""Indie"": 150, ""Action"": 136, ""Atmospheric"": 126, ""Fast-Paced"": 119, ""Singleplayer"": 116, ""Arcade"": 114, ""Cyberpunk"": 112, ""Sci-fi"": 94, ""Local Multiplayer"": 94, ""Split Screen"": 80, ""Platformer"": 78, ""Survival"": 73, ""Horror"": 50, ""VR"": 46, ""4 Player Local"": 45}"
233860,Kenshi,"Dec 6, 2018",2018-12-06,USD,2999,2999,0,$29.99,Lo-Fi Games,Lo-Fi Games,https://store.steampowered.com/app/233860/,"2,000,000 .. 5,000,000",5412,0,0,0,0,,2999,2999,0,"Action, Indie, RPG, Simulation, Strategy","{""Open World"": 1817, ""Sandbox"": 1511, ""RPG"": 1411, ""Survival"": 1383, ""Strategy"": 889, ""Building"": 854, ""Base-Building"": 820, ""Singleplayer"": 791, ""Post-apocalyptic"": 779, ""Crafting"": 720, ""City Builder"": 637, ""Indie"": 554, ""Adventure"": 531, ""Simulation"": 525, ""Management"": 497, ""RTS"": 419, ""Character Customization"": 363, ""Ninja"": 339, ""Alternate History"": 214, ""Steampunk"": 198}"
234270,Ken Follett's The Pillars of the Earth,"Aug 15, 2017",2017-08-15,USD,1999,1999,0,$19.99,Daedalic Entertainment,Daedalic Entertainment,https://store.steampowered.com/app/234270/,"200,000 .. 500,000",11,0,0,0,0,,199,1999,90,"Adventure, Casual, Indie","{""Choices Matter"": 206, ""Adventure"": 190, ""Story Rich"": 187, ""Visual Novel"": 187, ""Point & Click"": 186, ""Medieval"": 178, ""Indie"": 127, ""Interactive Fiction"": 118, ""Casual"": 115, ""Based On A Novel"": 108, ""Atmospheric"": 98, ""Singleplayer"": 95, ""Historical"": 68, ""Great Soundtrack"": 56, ""Violent"": 32, ""Female Protagonist"": 28, ""Hand-drawn"": 27, ""Choose Your Own Adventure"": 18, ""RPG"": 18, ""2D"": 16}"
235380,Blitzkrieg 3,"Jun 2, 2017",2017-06-02,USD,999,999,0,$9.99,Nival,Nival,https://store.steampowered.com/app/235380/,"200,000 .. 500,000",12,0,0,0,0,,999,999,0,Strategy,"{""Strategy"": 433, ""World War II"": 404, ""RTS"": 369, ""Military"": 355, ""War"": 338, ""Tactical"": 326, ""Real Time Tactics"": 324, ""Multiplayer"": 317, ""Historical"": 307, ""Tanks"": 304, ""Singleplayer"": 303, ""PvP"": 297, ""Massively Multiplayer"": 290, ""Competitive"": 287, ""Simulation"": 280, ""Realistic"": 277, ""Early Access"": 277, ""Difficult"": 239, ""Real-Time"": 239, ""Real-Time with Pause"": 232}"
235520,The White Laboratory,"Mar 28, 2019",2019-03-28,USD,999,999,0,$9.99,Laboratory Systems,Laboratory Systems; Gamirror Games,https://store.steampowered.com/app/235520/,"50,000 .. 100,000",2,0,0,0,0,,999,999,0,"Indie, Strategy","{""Indie"": 45, ""Strategy"": 44, ""Tower Defense"": 25, ""Sandbox"": 17, ""Physics"": 17, ""Sci-fi"": 15, ""Real-Time with Pause"": 15, ""RTS"": 14}"
236690,Blood Bowl 2: Legendary Edition (Classic),"Sep 5, 2017",2017-09-05,USD,2999,2999,0,$29.99,Cyanide Studios,Nacon,https://store.steampowered.com/app/236690/,"1,000,000 .. 2,000,000",84,0,0,0,0,,2999,2999,0,"Sports, Strategy","{""Strategy"": 311, ""Multiplayer"": 303, ""Fantasy"": 299, ""Board Game"": 295, ""Singleplayer"": 294, ""Turn-Based"": 288, ""Turn-Based Strategy"": 275, ""Tactical"": 272, ""RPG"": 271, ""PvP"": 266, ""Funny"": 260, ""Dark Fantasy"": 259, ""Action"": 258, ""Turn-Based Tactics"": 255, ""Gore"": 242, ""Violent"": 236, ""Games Workshop"": 225, ""Sports"": 215, ""Football (American)"": 85, ""Dark Humor"": 76}"
237850,Dreamfall Chapters,"Jul 21, 2017",2017-07-21,USD,2499,2499,0,$24.99,Red Thread Games,Red Thread Games,https://store.steampowered.com/app/237850/,"500,000 .. 1,000,000",6,0,0,0,0,,2499,2499,0,"Adventure, Indie","{""Adventure"": 480, ""Story Rich"": 451, ""Choices Matter"": 338, ""Atmospheric"": 335, ""Female Protagonist"": 331, ""Cyberpunk"": 325, ""Fantasy"": 322, ""Singleplayer"": 239, ""Point & Click"": 215, ""Third Person"": 214, ""Lore-Rich"": 204, ""Futuristic"": 190, ""Sci-fi"": 188, ""Puzzle"": 188, ""Kickstarter"": 186, ""Choose Your Own Adventure"": 184, ""Exploration"": 181, ""Indie"": 179, ""Drama"": 178, ""Cinematic"": 177}"
240440,Quadrilateral Cowboy,"Jul 25, 2016",2016-07-25,USD,1999,1999,0,$19.99,Blendo Games,Blendo Games,https://store.steampowered.com/app/240440/,"200,000 .. 500,000",1,0,0,0,0,,1999,1999,0,"Action, Adventure, Indie","{""Hacking"": 130, ""Adventure"": 128, ""Cyberpunk"": 124, ""Heist"": 119, ""Programming"": 117, ""First-Person"": 106, ""Female Protagonist"": 104, ""Singleplayer"": 100, ""Atmospheric"": 95, ""Sci-fi"": 89, ""Story Rich"": 82, ""Immersive Sim"": 81, ""Indie"": 76, ""Short"": 71, ""Puzzle"": 67, ""Action"": 56, ""Typing"": 35, ""Casual"": 32, ""Exploration"": 31, ""3D Platformer"": 25}"
240720,Getting Over It with Bennett Foddy,"Dec 6, 2017",2017-12-06,USD,799,799,0,$7.99,Bennett Foddy,Bennett Foddy,https://store.steampowered.com/app/240720/,"2,000,000 .. 5,000,000",192,0,0,0,0,,799,799,0,Action,"{""Psychological Horror"": 2279, ""Difficult"": 2105, ""Singleplayer"": 1259, ""Physics"": 1137, ""Philosophical"": 746, ""Horror"": 695, ""Funny"": 660, ""Platformer"": 639, ""Indie"": 597, ""Survival Horror"": 374, ""Casual"": 373, ""Dark Humor"": 369, ""Replay Value"": 350, ""Adventure"": 310, ""Action"": 285, ""Comedy"": 284, ""Story Rich"": 248, ""Strategy"": 235, ""Great Soundtrack"": 226, ""Third Person"": 210}"
241000,Jon Shafer's At the Gates,"Jan 23, 2019",2019-01-23,USD,2999,2999,0,$29.99,Conifer Games,Conifer Games,https://store.steampowered.com/app/241000/,"20,000 .. 50,000",1,0,0,0,0,,2999,2999,0,"Indie, Strategy","{""Strategy"": 45, ""Indie"": 39, ""4X"": 15, ""Turn-Based Strategy"": 8, ""Singleplayer"": 6, ""Historical"": 5}"
241300,Card City Nights 2,"Sep 1, 2017",2017-09-01,USD,999,999,0,$9.99,Ludosity,Ludosity,https://store.steampowered.com/app/241300/,"20,000 .. 50,000",0,0,0,0,0,,999,999,0,"Adventure, Indie, Strategy","{""Card Battler"": 31, ""Deckbuilding"": 26, ""Adventure"": 25, ""Strategy"": 23, ""Indie"": 23, ""Card Game"": 16, ""Great Soundtrack"": 6}"
242760,The Forest,"Apr 30, 2018",2018-04-30,USD,1999,1999,0,$19.99,Endnight Games Ltd,Endnight Games Ltd,https://store.steampowered.com/app/242760/,"20,000,000 .. 50,000,000",2892,0,0,0,0,,1999,1999,0,"Action, Adventure, Indie, Simulation","{""Open World Survival Craft"": 12535, ""Survival"": 12166, ""Open World"": 8863, ""Horror"": 8844, ""Crafting"": 6539, ""Adventure"": 5702, ""Building"": 5620, ""Survival Horror"": 5336, ""First-Person"": 4687, ""Action"": 3797, ""Exploration"": 3697, ""Sandbox"": 3371, ""Singleplayer"": 3002, ""Atmospheric"": 2811, ""Simulation"": 2599, ""Gore"": 2530, ""Realistic"": 2454, ""Indie"": 2294, ""Zombies"": 1743, ""Early Access"": 1595}"
244030,Take On Mars,"Feb 9, 2017",2017-02-09,USD,999,999,0,$9.99,Bohemia Interactive,Bohemia Interactive,https://store.steampowered.com/app/244030/,"100,000 .. 200,000",7,0,0,0,0,,999,999,0,Simulation,"{""Simulation"": 156, ""Space"": 134, ""Mars"": 113, ""Exploration"": 108, ""Survival"": 80, ""Science"": 77, ""Building"": 75, ""Multiplayer"": 74, ""Space Sim"": 71, ""Sandbox"": 67, ""Education"": 52, ""Realistic"": 50, ""Co-op"": 44, ""Open World"": 40, ""Early Access"": 40, ""Moddable"": 34, ""Singleplayer"": 29, ""Futuristic"": 29, ""Adventure"": 24, ""First-Person"": 19}"
244750,Aztez,"Aug 1, 2017",2017-08-01,USD,1999,1999,0,$19.99,Team Colorblind,Team Colorblind,https://store.steampowered.com/app/244750/,"0 .. 20,000",0,0,0,0,0,,1999,1999,0,"Action, Indie, Strategy","{""Action"": 34, ""Indie"": 24, ""Strategy"": 21, ""Beat 'em up"": 14, ""Character Action Game"": 10, ""2D Fighter"": 7, ""Hack and Slash"": 6, ""Spectacle fighter"": 6, ""Fighting"": 5, ""Singleplayer"": 5}"
244850,Space Engineers,"Feb 28, 2019",2019-02-28,USD,1999,1999,0,$19.99,Keen Software House,Keen Software House,https://store.steampowered.com/app/244850/,"2,000,000 .. 5,000,000",4201,0,0,0,0,,1999,1999,0,"Action, Indie, Simulation, Strategy","{""Space"": 3690, ""Sandbox"": 3135, ""Building"": 2832, ""Open World Survival Craft"": 2420, ""Multiplayer"": 2404, ""Survival"": 1928, ""Simulation"": 1873, ""Open World"": 1790, ""Physics"": 1580, ""Crafting"": 1465, ""Destruction"": 1290, ""Co-op"": 1244, ""Futuristic"": 1100, ""Sci-fi"": 1092, ""Indie"": 1076, ""Singleplayer"": 1030, ""Action"": 963, ""Strategy"": 872, ""Adventure"": 798, ""Early Access"": 670}"
249630,Delver,"Feb 1, 2018",2018-02-01,USD,1499,1499,0,$14.99,Chad Cuddigan; Joshua Skelton,Priority Interrupt,https://store.steampowered.com/app/249630/,"50,000 .. 100,000",5,0,0,0,0,,1499,1499,0,"Action, Adventure, Indie, RPG","{""Dungeon Crawler"": 229, ""First-Person"": 216, ""RPG"": 205, ""Action Roguelike"": 200, ""Indie"": 188, ""Pixel Graphics"": 181, ""Rogue-lite"": 167, ""Rogue-like"": 162, ""Adventure"": 161, ""Action"": 155, ""Perma Death"": 121, ""Singleplayer"": 115, ""Procedural Generation"": 88, ""Retro"": 78, ""FPS"": 77, ""Moddable"": 74, ""Fantasy"": 73, ""2.5D"": 72, ""Atmospheric"": 70, ""3D"": 67}"
250680,BELOW,"Dec 14, 2018",2018-12-14,USD,2499,2499,0,$24.99,Capybara Games,Capybara Games,https://store.steampowered.com/app/250680/,"0 .. 20,000",2,0,0,0,0,,2499,2499,0,"Action, Adventure, Indie, RPG","{""Open World"": 718, ""Action"": 643, ""Adventure"": 543, ""Singleplayer"": 538, ""Exploration"": 482, ""Action Roguelike"": 479, ""Souls-like"": 475, ""Dungeon Crawler"": 471, ""Perma Death"": 457, ""Hack and Slash"": 454, ""Difficult"": 453, ""PvE"": 448, ""Rogue-lite"": 447, ""Rogue-like"": 443, ""Action-Adventure"": 443, ""RPG"": 430, ""3D"": 426, ""Top-Down"": 425, ""Horror"": 418, ""Psychological Horror"": 410}"
251230,Livelock,"Aug 30, 2016",2016-08-30,USD,99,999,90,$0.99,Tuque Games,Arc Games,https://store.steampowered.com/app/251230/,"200,000 .. 500,000",1,0,0,0,0,,99,999,90,"Action, Adventure, Indie","{""Action"": 48, ""Top-Down Shooter"": 39, ""Co-op"": 36, ""Indie"": 34, ""Adventure"": 33, ""Twin Stick Shooter"": 24, ""Top-Down"": 24, ""Robots"": 21, ""Online Co-Op"": 18, ""Sci-fi"": 18, ""Mechs"": 17, ""Shooter"": 16, ""Multiplayer"": 14, ""Singleplayer"": 12, ""Isometric"": 9, ""Local Co-Op"": 5}"
251570,7 Days to Die,"Jul 25, 2024",2024-07-25,USD,4499,4499,0,$44.99,The Fun Pimps,The Fun Pimps Entertainment LLC,https://store.steampowered.com/app/251570/,"10,000,000 .. 20,000,000",17045,0,0,0,0,,4499,4499,0,"Action, Adventure, Indie, RPG, Simulation, Strategy","{""Survival"": 7007, ""Zombies"": 5292, ""Multiplayer"": 4944, ""Open World"": 4895, ""Open World Survival Craft"": 4855, ""Base-Building"": 4438, ""Post-apocalyptic"": 4270, ""Voxel"": 4264, ""Online Co-Op"": 4227, ""Building"": 4082, ""Exploration"": 4052, ""Sandbox"": 3985, ""FPS"": 3827, ""Simulation"": 3792, ""Tower Defense"": 3699, ""Character Customization"": 3699, ""Action"": 3694, ""Horror"": 3680, ""Strategy"": 3678, ""Procedural Generation"": 3659}"
251590,Soul Saga,"Feb 28, 2020",2020-02-28,USD,1499,1499,0,$14.99,Disastercake,Disastercake,https://store.steampowered.com/app/251590/,"0 .. 20,000",0,0,0,0,0,,1499,1499,0,"Adventure, Indie, RPG, Strategy, Early Access","{""Adventure"": 94, ""RPG"": 92, ""Indie"": 86, ""Strategy"": 83, ""JRPG"": 28, ""Anime"": 27, ""Early Access"": 22, ""Fantasy"": 20, ""Magic"": 16, ""Rogue-lite"": 15, ""Story Rich"": 14, ""Great Soundtrack"": 13, ""Steampunk"": 11, ""Rogue-like"": 10, ""Puzzle"": 9, ""Cute"": 9, ""Character Customization"": 9, ""Music"": 8, ""Female Protagonist"": 7, ""Classic"": 6}"
251650,Ray's The Dead,"Oct 22, 2020",2020-10-22,USD,1999,1999,0,$19.99,Ragtag Studio,Ragtag Studio,https://store.steampowered.com/app/251650/,"0 .. 20,000",0,0,0,0,0,,1999,1999,0,"Action, Adventure, Indie, Strategy","{""Action"": 142, ""Strategy"": 136, ""Adventure"": 133, ""Zombies"": 131, ""Funny"": 127, ""2.5D"": 117, ""1980s"": 113, ""Dark Comedy"": 112, ""Supernatural"": 109, ""Singleplayer"": 107, ""Casual"": 105, ""Platformer"": 102, ""Hand-drawn"": 98, ""Drama"": 90, ""Perma Death"": 84, ""Indie"": 79, ""Great Soundtrack"": 30, ""Free to Play"": 28, ""Nudity"": 27, ""Sexual Content"": 26}"
252090,Lacuna Passage,"May 17, 2017",2017-05-17,USD,999,999,0,$9.99,Candescent Games,Candescent Games,https://store.steampowered.com/app/252090/,"0 .. 20,000",0,0,0,0,0,,999,999,0,"Indie, Simulation, Early Access","{""Early Access"": 25, ""Simulation"": 22, ""Indie"": 21, ""Survival"": 8, ""Mars"": 7, ""Space"": 6}"
252190,Defender's Quest 2: Mists of Ruin,"Jan 30, 2025",2025-01-30,USD,1999,1999,0,$19.99,"Level Up Labs, LLC",Armor Games Studios,https://store.steampowered.com/app/252190/,"0 .. 20,000",0,0,0,0,0,,1999,1999,0,"Indie, RPG, Strategy","{""Strategy"": 99, ""RPG"": 94, ""Tower Defense"": 93, ""Tactical RPG"": 82, ""2D"": 70, ""Female Protagonist"": 66, ""Real Time Tactics"": 60, ""Indie"": 59, ""Strategy RPG"": 58, ""Tactical"": 57, ""Stylized"": 56, ""Cartoony"": 55, ""Colorful"": 52, ""Sci-fi"": 49, ""Narrative"": 48, ""Old School"": 44, ""Singleplayer"": 44, ""Post-apocalyptic"": 41, ""Sequel"": 39}"
252250,Maia,"Nov 23, 2018",2018-11-23,USD,2499,2499,0,$24.99,Simon Roth,Machine Studios,https://store.steampowered.com/app/252250/,"50,000 .. 100,000",0,0,0,0,0,,2499,2499,0,"Indie, Simulation, Strategy","{""Colony Sim"": 94, ""Strategy"": 85, ""Simulation"": 85, ""Sci-fi"": 78, ""Indie"": 73, ""Survival"": 72, ""Management"": 64, ""Base-Building"": 50, ""Space"": 49, ""Singleplayer"": 47, ""Early Access"": 40, ""Sandbox"": 32, ""Kickstarter"": 32, ""Building"": 24, ""Crafting"": 15, ""RTS"": 14, ""3D"": 14, ""Crowdfunded"": 14, ""Atmospheric"": 13, ""Resource Management"": 13}"
252390,DwarfCorp,"Feb 1, 2019",2019-02-01,USD,299,299,0,$2.99,Completely Fair Games LLC,Completely Fair Games LLC,https://store.steampowered.com/app/252390/,"0 .. 20,000",1,0,0,0,0,,299,299,0,"Indie, Simulation, Strategy","{""Dwarf"": 93, ""Strategy"": 35, ""Simulation"": 35, ""Indie"": 33, ""Colony Sim"": 28, ""Gore"": 20, ""Violent"": 20, ""Base-Building"": 12, ""Pixel Graphics"": 5}"
252470,Space Pirates And Zombies 2,"Nov 7, 2017",2017-11-07,USD,1999,1999,0,$19.99,MinMax Games Ltd.,MinMax Games Ltd.,https://store.steampowered.com/app/252470/,"200,000 .. 500,000",6,0,0,0,0,,1999,1999,0,"Action, Adventure, Indie, RPG, Simulation, Strategy","{""Space"": 130, ""Strategy"": 107, ""Action"": 99, ""Indie"": 87, ""RPG"": 78, ""Zombies"": 73, ""Open World"": 72, ""Simulation"": 61, ""Adventure"": 53, ""Pirates"": 51, ""Sci-fi"": 50, ""Sandbox"": 46, ""Singleplayer"": 43, ""Survival"": 42, ""Building"": 36, ""Procedural Generation"": 32, ""VR"": 28, ""Gore"": 20, ""Exploration"": 18, ""Crafting"": 14}"
252610,Death Road to Canada,"Jul 21, 2016",2016-07-21,USD,1499,1499,0,$14.99,Rocketcat Games; Madgarden,Rocketcat Games,https://store.steampowered.com/app/252610/,"200,000 .. 500,000",269,0,0,0,0,,1499,1499,0,"Action, Indie, RPG","{""Pixel Graphics"": 235, ""Zombies"": 234, ""Action Roguelike"": 212, ""Local Co-Op"": 165, ""Survival"": 157, ""Action"": 148, ""Rogue-like"": 145, ""Character Customization"": 142, ""Indie"": 140, ""Comedy"": 119, ""Great Soundtrack"": 115, ""RPG"": 112, ""Multiplayer"": 104, ""Replay Value"": 101, ""Co-op"": 94, ""2D"": 88, ""Funny"": 88, ""Difficult"": 85, ""Rogue-lite"": 78, ""Memes"": 51}"
252870,PULSAR: Lost Colony,"Jun 22, 2021",2021-06-22,USD,1999,1999,0,$19.99,Leafy Games,Leafy Games,https://store.steampowered.com/app/252870/,"500,000 .. 1,000,000",21,0,0,0,0,,1999,1999,0,"Action, Adventure, Indie, RPG, Simulation","{""Space Sim"": 257, ""Open World"": 251, ""Simulation"": 249, ""Co-op"": 248, ""First-Person"": 242, ""PvE"": 238, ""Space"": 236, ""Exploration"": 235, ""Sci-fi"": 230, ""Multiplayer"": 226, ""Spaceships"": 222, ""RPG"": 213, ""Robots"": 210, ""Nonlinear"": 197, ""FPS"": 183, ""Class-Based"": 180, ""Online Co-Op"": 175, ""Adventure"": 162, ""Character Customization"": 149, ""Action"": 135}"
253230,A Hat in Time,"Oct 5, 2017",2017-10-05,USD,2999,2999,0,$29.99,Gears for Breakfast,Gears for Breakfast,https://store.steampowered.com/app/253230/,"500,000 .. 1,000,000",131,0,0,0,0,,2999,2999,0,"Adventure, Indie","{""Cute"": 1516, ""3D Platformer"": 1219, ""Collectathon"": 1035, ""Great Soundtrack"": 906, ""Female Protagonist"": 809, ""Funny"": 779, ""Adventure"": 775, ""Indie"": 756, ""Platformer"": 709, ""Colorful"": 533, ""Exploration"": 525, ""Third Person"": 500, ""Singleplayer"": 456, ""Co-op"": 435, ""Moddable"": 419, ""Open World"": 419, ""Comedy"": 404, ""Family Friendly"": 384, ""Action"": 295, ""Kickstarter"": 269}"
253250,Stonehearth,"Jul 25, 2018",2018-07-25,USD,1999,1999,0,$19.99,Radiant Entertainment,(none),https://store.steampowered.com/app/253250/,"500,000 .. 1,000,000",68,0,0,0,0,,1999,1999,0,"Indie, Simulation, Strategy","{""Colony Sim"": 734, ""City Builder"": 708, ""Building"": 553, ""Sandbox"": 537, ""Strategy"": 490, ""Survival"": 486, ""Simulation"": 343, ""Crafting"": 284, ""Voxel"": 264, ""Early Access"": 223, ""Open World"": 217, ""Indie"": 215, ""Singleplayer"": 212, ""RPG"": 185, ""Multiplayer"": 148, ""Management"": 142, ""Fantasy"": 120, ""Cute"": 112, ""Adventure"": 108, ""God Game"": 103}"
253840,Shantae: Half-Genie Hero,"Dec 20, 2016",2016-12-20,USD,1999,1999,0,$19.99,WayForward,WayForward,https://store.steampowered.com/app/253840/,"200,000 .. 500,000",0,0,0,0,0,,1999,1999,0,"Action, Adventure, Indie","{""Female Protagonist"": 216, ""Platformer"": 202, ""Metroidvania"": 194, ""Cute"": 193, ""Action"": 187, ""Singleplayer"": 179, ""Side Scroller"": 179, ""Anime"": 177, ""2.5D"": 173, ""Hand-drawn"": 170, ""Adventure"": 170, ""2D"": 168, ""Indie"": 167, ""Funny"": 161, ""Kickstarter"": 159, ""Fantasy"": 156, ""Comedy"": 152, ""Action-Adventure"": 149, ""Crowdfunded"": 149, ""Great Soundtrack"": 146}"
254320,Duskers,"May 18, 2016",2016-05-18,USD,799,1999,60,$7.99,Misfits Attic,Misfits Attic,https://store.steampowered.com/app/254320/,"100,000 .. 200,000",10,0,0,0,0,,799,1999,60,"Indie, Simulation, Strategy","{""Exploration"": 245, ""Typing"": 239, ""Real Time Tactics"": 237, ""Space"": 233, ""Rogue-lite"": 226, ""Programming"": 222, ""Hacking"": 219, ""Horror"": 215, ""Puzzle"": 215, ""Survival"": 215, ""Rogue-like"": 205, ""Difficult"": 204, ""Strategy"": 194, ""2D"": 182, ""Procedural Generation"": 174, ""Simulation"": 172, ""Sci-fi"": 159, ""Nonlinear"": 158, ""Tactical"": 146, ""Atmospheric"": 144}"
254370,Aquanox Deep Descent,"Oct 16, 2020",2020-10-16,USD,2999,2999,0,$29.99,Digital Arrow,THQ Nordic,https://store.steampowered.com/app/254370/,"50,000 .. 100,000",2,0,0,0,0,,2999,2999,0,"Action, RPG, Simulation","{""Vehicular Combat"": 158, ""FPS"": 157, ""Flight"": 157, ""Singleplayer"": 146, ""Exploration"": 145, ""Shooter"": 139, ""Action-Adventure"": 134, ""Character Customization"": 131, ""3D"": 129, ""First-Person"": 128, ""PvP"": 125, ""Action"": 122, ""6DOF"": 120, ""Crafting"": 115, ""Adventure"": 112, ""Co-op"": 111, ""Online Co-Op"": 106, ""Multiplayer"": 95, ""Crowdfunded"": 81, ""Underwater"": 76}"
254590,Theme Park Studio,"Dec 2, 2016",2016-12-02,USD,2999,2999,0,$29.99,Pantera Entertainment,Pantera Entertainment,https://store.steampowered.com/app/254590/,"20,000 .. 50,000",0,0,0,0,0,,2999,2999,0,"Indie, Simulation","{""Simulation"": 78, ""Indie"": 48, ""Sandbox"": 30, ""Building"": 22, ""Management"": 22, ""Singleplayer"": 15, ""VR"": 11, ""Early Access"": 5}"
254900,Gunlok,"Dec 3, 2019",2019-12-03,USD,499,499,0,$4.99,Rebellion,Rebellion,https://store.steampowered.com/app/254900/,"0 .. 20,000",0,0,0,0,0,,499,499,0,Strategy,"{""Strategy"": 50, ""Violent"": 21, ""Singleplayer"": 12, ""Futuristic"": 11, ""Top-Down"": 11, ""Strategy RPG"": 10}"
254940,Free Running,"Dec 3, 2019",2019-12-03,USD,599,599,0,$5.99,Rebellion,Rebellion,https://store.steampowered.com/app/254940/,"20,000 .. 50,000",0,0,0,0,0,,599,599,0,"Action, Sports","{""Sports"": 55, ""Action"": 53, ""Runner"": 16, ""Parkour"": 15, ""Singleplayer"": 13, ""Racing"": 12}"
256460,Cosmic Star Heroine,"Apr 11, 2017",2017-04-11,USD,209,1499,86,$2.09,Zeboyd Digital Entertainment LLC,Zeboyd Digital Entertainment LLC,https://store.steampowered.com/app/256460/,"100,000 .. 200,000",0,0,0,0,0,,209,1499,86,"Indie, RPG","{""JRPG"": 122, ""RPG"": 81, ""Indie"": 61, ""Pixel Graphics"": 58, ""Sci-fi"": 55, ""Female Protagonist"": 55, ""Turn-Based Combat"": 48, ""Retro"": 45, ""Funny"": 44, ""Comedy"": 40, ""Adventure"": 36, ""Singleplayer"": 35, ""2D"": 31, ""Great Soundtrack"": 30, ""Turn-Based"": 30, ""Anime"": 29, ""Cyberpunk"": 25, ""Story Rich"": 20, ""Exploration"": 16, ""Kickstarter"": 16}"
257030,Project Nimbus: Complete Edition,"Sep 26, 2017",2017-09-26,USD,699,699,0,$6.99,"GameCrafterTeam; GameTomo Co., Ltd.","GameTomo Co., Ltd.",https://store.steampowered.com/app/257030/,"50,000 .. 100,000",0,0,0,0,0,,699,699,0,"Action, Indie","{""Mechs"": 111, ""Action"": 88, ""Indie"": 67, ""Robots"": 56, ""Anime"": 42, ""Sci-fi"": 34, ""Fast-Paced"": 31, ""Singleplayer"": 10, ""Flight"": 9, ""Great Soundtrack"": 7, ""RPG"": 6, ""Early Access"": 5, ""Female Protagonist"": 5}"
257420,Serious Sam 4,"Sep 24, 2020",2020-09-24,USD,3999,3999,0,$39.99,Croteam,Devolver Digital,https://store.steampowered.com/app/257420/,"1,000,000 .. 2,000,000",145,0,0,0,0,,3999,3999,0,"Action, Adventure, Indie","{""Action"": 215, ""Gore"": 213, ""FPS"": 208, ""Co-op"": 166, ""Shooter"": 155, ""Multiplayer"": 146, ""Violent"": 142, ""Adventure"": 127, ""Comedy"": 118, ""Singleplayer"": 103, ""Great Soundtrack"": 96, ""Blood"": 91, ""Fast-Paced"": 90, ""First-Person"": 90, ""Classic"": 74, ""Indie"": 68, ""Difficult"": 67, ""Arena Shooter"": 62, ""Open World"": 45, ""Third-Person Shooter"": 32}"
261550,Mount & Blade II: Bannerlord,"Oct 25, 2022",2022-10-25,USD,4999,4999,0,$49.99,TaleWorlds Entertainment,TaleWorlds Entertainment,https://store.steampowered.com/app/261550/,"10,000,000 .. 20,000,000",14477,0,0,0,0,,4999,4999,0,"Action, Indie, RPG, Simulation, Strategy","{""Medieval"": 2545, ""Strategy"": 2257, ""Open World"": 2174, ""RPG"": 1973, ""War"": 1952, ""Sandbox"": 1671, ""Multiplayer"": 1645, ""Singleplayer"": 1326, ""Action"": 1206, ""Character Customization"": 1135, ""Simulation"": 1107, ""Moddable"": 1032, ""Adventure"": 991, ""Horses"": 908, ""Realistic"": 860, ""Third Person"": 828, ""Historical"": 797, ""First-Person"": 792, ""Great Soundtrack"": 527, ""Early Access"": 398}"
261900,The Real Texas,"Jul 12, 2016",2016-07-12,USD,1499,1499,0,$14.99,Kitty Lambda Games Inc.,Kitty Lambda Games Inc.,https://store.steampowered.com/app/261900/,"0 .. 20,000",0,0,0,0,0,,1499,1499,0,"Action, Adventure, Indie, RPG","{""Indie"": 23, ""Adventure"": 22, ""RPG"": 22, ""Action"": 20}"
262370,A.N.N.E,"Jun 25, 2019",2019-06-25,USD,1499,1499,0,$14.99,Gamesbymo Inc.,Gamesbymo Inc.,https://store.steampowered.com/app/262370/,"0 .. 20,000",0,0,0,0,0,,1499,1499,0,"Action, Adventure, Indie, RPG, Early Access","{""Indie"": 37, ""Early Access"": 34, ""Action"": 34, ""Adventure"": 33, ""RPG"": 33, ""Platformer"": 17, ""Metroidvania"": 17, ""Shoot 'Em Up"": 14, ""Pixel Graphics"": 14, ""Kickstarter"": 12, ""Exploration"": 11, ""Sci-fi"": 11, ""Side Scroller"": 11, ""Singleplayer"": 11, ""Old School"": 10, ""Retro"": 10, ""Difficult"": 10, ""Shooter"": 10, ""Cute"": 10, ""Great Soundtrack"": 10}"
262510,CRIMSON ROOM® DECADE,"Jun 9, 2016",2016-06-09,USD,199,999,80,$1.99,Dream Holdings; TAKAGISM Inc.,KOMODO; Dream Holdings,https://store.steampowered.com/app/262510/,"0 .. 20,000",0,0,0,0,0,,199,999,80,"Adventure, Indie","{""Adventure"": 31, ""Indie"": 31, ""Horror"": 12, ""Atmospheric"": 10, ""Escape Room"": 9}"
262630,Tom vs. The Armies of Hell,"Jul 27, 2016",2016-07-27,USD,99,99,0,$0.99,Darkmire Entertainment,Darkmire Entertainment,https://store.steampowered.com/app/262630/,"0 .. 20,000",0,0,0,0,0,,99,99,0,"Action, Adventure, Indie","{""Action"": 22, ""Adventure"": 22, ""Indie"": 22, ""Difficult"": 9}"
262810,Super Turbo Demon Busters!,"Dec 8, 2017",2017-12-08,USD,1199,1199,0,$11.99,HeroLabs,HeroLabs,https://store.steampowered.com/app/262810/,"50,000 .. 100,000",0,0,0,0,0,,1199,1199,0,"Adventure, Indie","{""Shoot 'Em Up"": 219, ""Replay Value"": 214, ""2D"": 210, ""Rogue-like"": 207, ""Top-Down"": 203, ""Retro"": 198, ""Futuristic"": 195, ""Casual"": 191, ""Rogue-lite"": 186, ""Pixel Graphics"": 184, ""Indie"": 180, ""Bullet Hell"": 178, ""Arcade"": 175, ""Shooter"": 166, ""Sci-fi"": 162, ""Singleplayer"": 149, ""Space"": 139, ""RPG"": 132, ""Loot"": 124, ""Aliens"": 115}"
263720,Brawlout,"Aug 20, 2018",2018-08-20,USD,1999,1999,0,$19.99,Angry Mob Games,Angry Mob Games,https://store.steampowered.com/app/263720/,"100,000 .. 200,000",3,0,0,0,0,,1999,1999,0,"Action, Casual, Indie","{""Fighting"": 82, ""Action"": 64, ""2D Fighter"": 63, ""Multiplayer"": 61, ""Platformer"": 59, ""Indie"": 51, ""Casual"": 38, ""Early Access"": 11, ""Competitive"": 11, ""Local Multiplayer"": 11, ""4 Player Local"": 9, ""Beat 'em up"": 6}"
264710,Subnautica,"Jan 23, 2018",2018-01-23,USD,2999,2999,0,$29.99,Unknown Worlds Entertainment,Unknown Worlds Entertainment,https://store.steampowered.com/app/264710/,"5,000,000 .. 10,000,000",2719,0,0,0,0,,2999,2999,0,"Adventure, Indie","{""Open World Survival Craft"": 7589, ""Survival"": 7539, ""Horror"": 6699, ""Open World"": 6299, ""Underwater"": 6294, ""Exploration"": 6166, ""Crafting"": 5224, ""Base-Building"": 5067, ""Singleplayer"": 4975, ""Adventure"": 4239, ""First-Person"": 4198, ""Sci-fi"": 3543, ""Multiplayer"": 3132, ""Sandbox"": 3058, ""Atmospheric"": 3045, ""Aliens"": 3035, ""Survival Horror"": 2917, ""VR"": 2862, ""Action"": 2792, ""Indie"": 2784}"
265470,Even the Ocean,"Nov 16, 2016",2016-11-16,USD,1999,1999,0,$19.99,Melos Han-Tani; Marina Kittaka,Analgesic Productions,https://store.steampowered.com/app/265470/,"0 .. 20,000",0,0,0,0,0,,1999,1999,0,"Action, Adventure, Indie, RPG","{""Story Rich"": 135, ""LGBTQ+"": 130, ""Puzzle-Platformer"": 128, ""Female Protagonist"": 121, ""Hand-drawn"": 119, ""Nature"": 113, ""Adventure"": 111, ""2D Platformer"": 110, ""Colorful"": 104, ""Pixel Graphics"": 98, ""Singleplayer"": 92, ""2D"": 85, ""Puzzle"": 75, ""Platformer"": 66, ""Indie"": 64, ""Action"": 60, ""RPG"": 48, ""Side Scroller"": 42, ""Great Soundtrack"": 38, ""Atmospheric"": 36}"
265730,Frane: Dragons' Odyssey,"Apr 4, 2019",2019-04-04,USD,649,1299,50,$6.49,ExeCreate Inc.,KEMCO,https://store.steampowered.com/app/265730/,"0 .. 20,000",0,0,0,0,0,,649,1299,50,"Action, Adventure, Casual, Indie, RPG","{""RPG"": 42, ""Action"": 42, ""Adventure"": 41, ""Indie"": 30, ""Casual"": 30, ""Anime"": 17, ""Pixel Graphics"": 14, ""JRPG"": 13, ""Retro"": 11, ""Action RPG"": 11, ""Story Rich"": 10, ""Old School"": 10, ""Dungeon Crawler"": 10, ""Rogue-like"": 10, ""Beat 'em up"": 10, ""Fantasy"": 10, ""Visual Novel"": 9}"
267390,Revolution Editions - Shadow & Steel,"Aug 15, 2025",2025-08-15,USD,1799,1799,0,$17.99,Antstream Ltd,Revolution Software Ltd,https://store.steampowered.com/app/267390/,"0 .. 20,000",0,0,0,0,0,,1799,1799,0,Adventure,
268130,Heat Signature,"Sep 21, 2017",2017-09-21,USD,1499,1499,0,$14.99,Suspicious Developments,Suspicious Developments,https://store.steampowered.com/app/268130/,"500,000 .. 1,000,000",21,0,0,0,0,,1499,1499,0,"Action, Adventure, Indie, Strategy","{""Space"": 125, ""Stealth"": 121, ""Indie"": 117, ""Top-Down"": 110, ""Rogue-like"": 107, ""Action"": 102, ""Strategy"": 92, ""Sci-fi"": 86, ""Procedural Generation"": 82, ""Real-Time with Pause"": 79, ""Rogue-lite"": 76, ""Singleplayer"": 71, ""Adventure"": 57, ""2D"": 49, ""Perma Death"": 46, ""Tactical"": 46, ""Top-Down Shooter"": 44, ""Open World"": 38, ""Bullet Time"": 36, ""Action Roguelike"": 34}"
268650,From the Depths,"Nov 6, 2020",2020-11-06,USD,2499,2499,0,$24.99,Brilliant Skies Ltd.,Brilliant Skies Ltd.,https://store.steampowered.com/app/268650/,"200,000 .. 500,000",482,0,0,0,0,,2499,2499,0,"Action, Adventure, Indie, Simulation, Strategy","{""Building"": 566, ""Naval Combat"": 542, ""Sandbox"": 540, ""Physics"": 517, ""Vehicular Combat"": 513, ""Crafting"": 489, ""RTS"": 487, ""Gun Customization"": 485, ""Strategy"": 481, ""Multiplayer"": 479, ""Voxel"": 473, ""Survival"": 465, ""War"": 464, ""Co-op Campaign"": 462, ""Military"": 454, ""Tutorial"": 452, ""Simulation"": 442, ""Naval"": 438, ""Artificial Intelligence"": 436, ""Space"": 421}"
268770,Treasure Adventure World,"Feb 7, 2018",2018-02-07,USD,999,999,0,$9.99,Robit Games,,https://store.steampowered.com/app/268770/,"20,000 .. 50,000",0,0,0,0,0,,999,999,0,"Adventure, Indie","{""Adventure"": 42, ""Indie"": 41, ""Platformer"": 18, ""2D"": 17, ""Metroidvania"": 16, ""Cute"": 14, ""Puzzle-Platformer"": 9}"
268910,Cuphead,"Sep 29, 2017",2017-09-29,USD,1999,1999,0,$19.99,Studio MDHR Entertainment Inc.,Studio MDHR Entertainment Inc.,https://store.steampowered.com/app/268910/,"5,000,000 .. 10,000,000",2080,0,0,0,0,,1999,1999,0,"Action, Indie","{""Difficult"": 2387, ""Cartoon"": 1707, ""Co-op"": 1647, ""Platformer"": 1568, ""Great Soundtrack"": 1463, ""Local Co-Op"": 1419, ""2D"": 1360, ""Multiplayer"": 1342, ""Hand-drawn"": 1330, ""Indie"": 1270, ""Cartoony"": 1033, ""Retro"": 1032, ""Bullet Hell"": 1014, ""Action"": 924, ""Shoot 'Em Up"": 827, ""Singleplayer"": 767, ""Side Scroller"": 743, ""Colorful"": 718, ""Souls-like"": 683, ""Funny"": 677}"
268990,The Dishwasher: Vampire Smile,"May 12, 2017",2017-05-12,USD,999,999,0,$9.99,Ska Studios,Ska Studios,https://store.steampowered.com/app/268990/,"50,000 .. 100,000",4,0,0,0,0,,999,999,0,"Action, Indie","{""Action"": 82, ""Indie"": 71, ""Gore"": 46, ""Hack and Slash"": 45, ""2D"": 31, ""Beat 'em up"": 25, ""Horror"": 23, ""Co-op"": 21, ""Character Action Game"": 21, ""Vampire"": 21, ""Female Protagonist"": 21, ""Great Soundtrack"": 16, ""Difficult"": 15, ""Metroidvania"": 7, ""Side Scroller"": 7, ""Local Co-Op"": 7}"
269170,Sports Bar VR,"Jun 1, 2016",2016-06-01,USD,1999,1999,0,$19.99,Cherry Pop Games; Perilous Orbit,Perilous Orbit,https://store.steampowered.com/app/269170/,"50,000 .. 100,000",0,0,0,0,0,,1999,1999,0,"Casual, Indie, Simulation, Sports, Strategy","{""VR"": 48, ""Sports"": 35, ""Snooker"": 35, ""Simulation"": 30, ""Casual"": 25, ""Pool"": 25, ""Indie"": 24, ""Local Multiplayer"": 22, ""Strategy"": 20, ""Physics"": 17, ""Multiplayer"": 11, ""Addictive"": 11}"
269190,Edge Of Eternity,"Jun 8, 2021",2021-06-08,USD,2999,2999,0,$29.99,Midgar Studio,Nacon,https://store.steampowered.com/app/269190/,"200,000 .. 500,000",6,0,0,0,0,,2999,2999,0,"Action, Adventure, Indie, RPG, Strategy","{""Action"": 370, ""RPG"": 334, ""JRPG"": 327, ""Story Rich"": 322, ""Adventure"": 319, ""Singleplayer"": 314, ""Fantasy"": 308, ""Atmospheric"": 300, ""Open World"": 298, ""Anime"": 287, ""Action RPG"": 285, ""Soundtrack"": 283, ""Exploration"": 273, ""Turn-Based Combat"": 267, ""Turn-Based"": 263, ""Third Person"": 224, ""Lore-Rich"": 202, ""Narration"": 194, ""Emotional"": 185, ""Strategy"": 124}"
269310,Infectonator: Survivors,"Aug 8, 2016",2016-08-08,USD,999,999,0,$9.99,Toge Productions,Toge Productions,https://store.steampowered.com/app/269310/,"50,000 .. 100,000",2,0,0,0,0,,999,999,0,"Action, Adventure, Indie, RPG, Simulation, Strategy","{""Zombies"": 87, ""Strategy"": 85, ""Survival"": 70, ""Indie"": 69, ""Pixel Graphics"": 66, ""Simulation"": 53, ""Tower Defense"": 51, ""RPG"": 48, ""Action"": 46, ""Adventure"": 43, ""Rogue-like"": 39, ""Procedural Generation"": 25, ""Perma Death"": 23, ""Gore"": 21, ""Violent"": 20, ""Singleplayer"": 18, ""2D"": 14, ""Multiplayer"": 11, ""RTS"": 10, ""Rogue-lite"": 8}"
269710,Tumblestone,"Jul 12, 2016",2016-07-12,USD,2499,2499,0,$24.99,Ty Taylor; Spotted Zebra; Justin Nafziger; Vega Castañeda,The Quantum Astrophysicists Guild,https://store.steampowered.com/app/269710/,"100,000 .. 200,000",2,0,0,0,0,,2499,2499,0,"Action, Casual, Indie, Strategy","{""Indie"": 1452, ""Casual"": 70, ""Action"": 65, ""Strategy"": 65, ""Puzzle"": 53, ""Match 3"": 43, ""Local Multiplayer"": 29, ""Singleplayer"": 29, ""4 Player Local"": 28, ""Arcade"": 27, ""Local Co-Op"": 27, ""Co-op"": 26, ""2D"": 26, ""Competitive"": 24, ""Split Screen"": 23, ""Multiplayer"": 23, ""Relaxing"": 23, ""Funny"": 22, ""Family Friendly"": 22, ""Hand-drawn"": 21}"
269770,Secrets of Grindea,"Feb 29, 2024",2024-02-29,USD,1499,1499,0,$14.99,Pixel Ferrets,Pixel Ferrets,https://store.steampowered.com/app/269770/,"200,000 .. 500,000",35,0,0,0,0,,1499,1499,0,"Action, Adventure, Indie, RPG","{""Adventure"": 673, ""Singleplayer"": 673, ""Multiplayer"": 627, ""Indie"": 566, ""Action RPG"": 554, ""JRPG"": 530, ""Co-op Campaign"": 527, ""Character Customization"": 525, ""RPG"": 520, ""Action-Adventure"": 515, ""2D"": 513, ""Funny"": 513, ""Pixel Graphics"": 501, ""Top-Down"": 498, ""Cute"": 495, ""Story Rich"": 484, ""Action"": 477, ""Anime"": 473, ""Hack and Slash"": 469, ""Fantasy"": 460}"
269850,Get Packed: Fully Loaded,"Jul 28, 2021",2021-07-28,USD,1999,1999,0,$19.99,Moonshine Studios,Coatsink,https://store.steampowered.com/app/269850/,"20,000 .. 50,000",0,0,0,0,0,,1999,1999,0,"Action, Casual, Indie","{""Multiplayer"": 322, ""Physics"": 307, ""Destruction"": 301, ""PvP"": 293, ""Tutorial"": 282, ""Arcade"": 271, ""Experimental"": 259, ""Character Customization"": 251, ""Action"": 246, ""3D"": 241, ""Top-Down"": 231, ""Cartoony"": 208, ""Capitalism"": 191, ""1990's"": 189, ""America"": 172, ""Co-op"": 163, ""Local Co-Op"": 144, ""Local Multiplayer"": 122, ""Online Co-Op"": 105, ""Singleplayer"": 81}"
269950,X-Plane 11,"Mar 30, 2017",2017-03-30,USD,2999,2999,0,$29.99,Laminar Research,Laminar Research,https://store.steampowered.com/app/269950/,"1,000,000 .. 2,000,000",381,0,0,0,0,,2999,2999,0,Simulation,"{""Simulation"": 399, ""Flight"": 363, ""Realistic"": 236, ""Open World"": 185, ""Multiplayer"": 181, ""VR"": 131, ""Singleplayer"": 93, ""Physics"": 90, ""First-Person"": 68, ""Sandbox"": 60, ""Atmospheric"": 46, ""Adventure"": 42, ""Third Person"": 24, ""Education"": 23, ""Exploration"": 23, ""Family Friendly"": 23, ""Beautiful"": 22, ""Action"": 21, ""Controller"": 19, ""Massively Multiplayer"": 16}"
270070,The Girl and the Robot,"Aug 17, 2016",2016-08-17,USD,999,999,0,$9.99,Flying Carpets Games,Flying Carpets Games,https://store.steampowered.com/app/270070/,"0 .. 20,000",0,0,0,0,0,,999,999,0,"Action, Adventure, Indie, RPG","{""Adventure"": 29, ""Action"": 26, ""Indie"": 25, ""RPG"": 23, ""Female Protagonist"": 11, ""Puzzle"": 8, ""Cute"": 5, ""Robots"": 5}"
270210,Melody's Escape,"May 20, 2016",2016-05-20,USD,999,999,0,$9.99,Icetesy,Icetesy,https://store.steampowered.com/app/270210/,"200,000 .. 500,000",1,0,0,0,0,,999,999,0,Indie,"{""Music-Based Procedural Generation"": 411, ""Rhythm"": 404, ""Character Customization"": 398, ""Colorful"": 395, ""Female Protagonist"": 391, ""Moddable"": 384, ""Stylized"": 384, ""Runner"": 380, ""Side Scroller"": 375, ""2D"": 372, ""Action"": 368, ""Music"": 364, ""Indie"": 224, ""Singleplayer"": 113, ""Platformer"": 112, ""Casual"": 79, ""Great Soundtrack"": 70, ""Procedural Generation"": 64, ""Difficult"": 55, ""Atmospheric"": 52}"
270270,Frozen State,"Aug 5, 2016",2016-08-05,USD,1199,1199,0,$11.99,Flox Studios,Flox Studios ,https://store.steampowered.com/app/270270/,"20,000 .. 50,000",0,0,0,0,0,,1199,1199,0,"Action, Indie, RPG","{""Survival"": 124, ""RPG"": 85, ""Horror"": 82, ""Zombies"": 79, ""Top-Down"": 74, ""Crafting"": 73, ""Action"": 67, ""Open World Survival Craft"": 66, ""Survival Horror"": 65, ""Open World"": 62, ""Exploration"": 56, ""Indie"": 51, ""Isometric"": 48, ""Resource Management"": 43, ""Sandbox"": 41, ""Stealth"": 38, ""Singleplayer"": 37, ""Inventory Management"": 36, ""Adventure"": 36, ""Post-apocalyptic"": 33}"
270610,Mage's Initiation: Reign of the Elements,"Jan 30, 2019",2019-01-30,USD,299,1499,80,$2.99,Himalaya Studios,Himalaya Studios,https://store.steampowered.com/app/270610/,"0 .. 20,000",0,0,0,0,0,,299,1499,80,"Action, Adventure, Indie, RPG","{""Adventure"": 43, ""RPG"": 38, ""Action"": 37, ""Indie"": 36, ""Point & Click"": 24, ""Magic"": 17, ""Fantasy"": 15, ""Pixel Graphics"": 14, ""Retro"": 13, ""Old School"": 12}"
271260,Star Control®: Origins,"Sep 20, 2018",2018-09-20,USD,1999,1999,0,$19.99,Stardock Entertainment,Stardock Entertainment,https://store.steampowered.com/app/271260/,"200,000 .. 500,000",7,0,0,0,0,,1999,1999,0,"Action, Adventure, Simulation","{""Funny"": 406, ""Story Rich"": 393, ""Choices Matter"": 389, ""Third Person"": 382, ""Shooter"": 338, ""Third-Person Shooter"": 329, ""Exploration"": 317, ""Competitive"": 307, ""Action-Adventure"": 307, ""Dark Humor"": 305, ""Action"": 301, ""Adventure"": 295, ""Sci-fi"": 275, ""Aliens"": 275, ""Space"": 273, ""Atmospheric"": 264, ""Moddable"": 260, ""Combat"": 258, ""Local Multiplayer"": 256, ""Multiple Endings"": 250}"
272270,Torment: Tides of Numenera,"Feb 27, 2017",2017-02-27,USD,3499,3499,0,$34.99,inXile Entertainment,inXile Entertainment; Xbox Game Studios,https://store.steampowered.com/app/272270/,"200,000 .. 500,000",8,0,0,0,0,,874,3499,75,"Adventure, Indie, RPG, Strategy","{""RPG"": 217, ""Isometric"": 116, ""Story Rich"": 112, ""Adventure"": 95, ""CRPG"": 87, ""Indie"": 79, ""Singleplayer"": 75, ""Choices Matter"": 70, ""Turn-Based Combat"": 64, ""Strategy"": 56, ""Atmospheric"": 51, ""Sci-fi"": 43, ""Fantasy"": 42, ""Turn-Based"": 40, ""Kickstarter"": 39, ""Party-Based RPG"": 30, ""Dark Fantasy"": 25, ""Great Soundtrack"": 12, ""Female Protagonist"": 12, ""Turn-Based Tactics"": 10}"
272620,Serious Sam's Bogus Detour,"Jun 20, 2017",2017-06-20,USD,999,999,0,$9.99,Crackshell; Croteam,Devolver Digital,https://store.steampowered.com/app/272620/,"50,000 .. 100,000",0,0,0,0,0,,999,999,0,"Action, Indie","{""Action"": 41, ""Indie"": 36, ""Pixel Graphics"": 22, ""Top-Down Shooter"": 19, ""Gore"": 18, ""Co-op"": 17, ""Multiplayer"": 13, ""2D"": 12, ""Violent"": 12, ""Twin Stick Shooter"": 11, ""Bullet Hell"": 10, ""Shooter"": 8, ""Singleplayer"": 8, ""Local Co-Op"": 5}"
272920,Rail Adventures,"Jun 21, 2019",2019-06-21,USD,599,599,0,$5.99,exosyphen studios,exosyphen studios,https://store.steampowered.com/app/272920/,"0 .. 20,000",0,0,0,0,0,,599,599,0,"Action, Indie, Racing, Early Access","{""Indie"": 34, ""Racing"": 33, ""Action"": 32, ""Early Access"": 20, ""VR"": 7}"
273890,Arctic Trucker Simulator,"Oct 7, 2016",2016-10-07,USD,499,499,0,$4.99,United Independent Entertainment,United Independent Entertainment,https://store.steampowered.com/app/273890/,"0 .. 20,000",0,0,0,0,0,,499,499,0,"Action, Casual, Indie, Simulation, Sports","{""Action"": 196, ""Casual"": 191, ""Simulation"": 184, ""Driving"": 182, ""Open World"": 179, ""Automobile Sim"": 166, ""Life Sim"": 160, ""Exploration"": 159, ""Realistic"": 155, ""Immersive Sim"": 155, ""Third Person"": 151, ""Atmospheric"": 146, ""Agriculture"": 142, ""Snow"": 134, ""Relaxing"": 130, ""Family Friendly"": 128, ""Management"": 125, ""Indie"": 122, ""Nature"": 120, ""Singleplayer"": 115}"
274270,NOT A HERO,"Jul 8, 2016",2016-07-08,USD,1999,1999,0,$19.99,Roll7,Devolver Digital,https://store.steampowered.com/app/274270/,"100,000 .. 200,000",1,0,0,0,0,,1999,1999,0,"Action, Adventure, Indie","{""Pixel Graphics"": 106, ""Action"": 97, ""Indie"": 87, ""Comedy"": 78, ""Adventure"": 68, ""Shooter"": 64, ""Gore"": 62, ""2D"": 59, ""Funny"": 48, ""Political"": 45, ""Great Soundtrack"": 41, ""Singleplayer"": 36, ""Violent"": 32, ""Platformer"": 31, ""Difficult"": 30, ""Fast-Paced"": 24, ""Shoot 'Em Up"": 11, ""Retro"": 7, ""Multiplayer"": 6}"
274500,Brigador: Up-Armored Edition,"Jun 2, 2016",2016-06-02,USD,2499,2499,0,$24.99,Stellar Jockeys; Gausswerks,Stellar Jockeys,https://store.steampowered.com/app/274500/,"200,000 .. 500,000",8,0,0,0,0,,2499,2499,0,"Action, Indie","{""Twin Stick Shooter"": 217, ""Action"": 215, ""Top-Down Shooter"": 210, ""Mechs"": 209, ""Difficult"": 202, ""Sci-fi"": 197, ""Destruction"": 195, ""Cyberpunk"": 193, ""Rogue-lite"": 183, ""Isometric"": 182, ""Action Roguelike"": 181, ""Vehicular Combat"": 176, ""Shooter"": 172, ""Top-Down"": 169, ""Indie"": 168, ""Dystopian "": 165, ""Atmospheric"": 158, ""Capitalism"": 156, ""Robots"": 153, ""Soundtrack"": 153}"
274520,Darkwood,"Aug 17, 2017",2017-08-17,USD,1499,1499,0,$14.99,Acid Wizard Studio,Hooded Horse; Acid Wizard Studio,https://store.steampowered.com/app/274520/,"1,000,000 .. 2,000,000",86,0,0,0,0,,1499,1499,0,"Action, Adventure, RPG, Strategy","{""Horror"": 713, ""Survival Horror"": 602, ""Top-Down"": 532, ""Atmospheric"": 520, ""Survival"": 518, ""Dark"": 444, ""Indie"": 326, ""Open World"": 324, ""Singleplayer"": 320, ""Lovecraftian"": 301, ""Exploration"": 288, ""RPG"": 257, ""Adventure"": 249, ""Crafting"": 246, ""Psychological Horror"": 220, ""Inventory Management"": 195, ""Action"": 192, ""Gore"": 178, ""Building"": 129, ""Rogue-like"": 94}"
274960,Tech Executive Tycoon,"Dec 21, 2018",2018-12-21,USD,1999,1999,0,$19.99,WEB Gaming Entertainment; Dream Vision Games,WEB Gaming Entertainment; Dream Vision Games,https://store.steampowered.com/app/274960/,"0 .. 20,000",0,0,0,0,0,,1999,1999,0,"Indie, RPG, Simulation, Strategy, Early Access","{""Simulation"": 44, ""Strategy"": 40, ""Indie"": 36, ""RPG"": 35, ""Management"": 31, ""Early Access"": 22}"
275270,Patriot: DemocratiZation,"Apr 25, 2025",2025-04-25,USD,499,499,0,$4.99,MADia Entertainment,Strategy First,https://store.steampowered.com/app/275270/,"0 .. 20,000",0,0,0,0,0,,499,499,0,"Action, Adventure","{""Action"": 70, ""Adventure"": 64, ""Singleplayer"": 41, ""Shooter"": 38, ""FPS"": 36, ""First-Person"": 29, ""Alternate History"": 27, ""War"": 25, ""Military"": 23, ""Futuristic"": 21, ""Capitalism"": 19, ""Story Rich"": 17, ""3D"": 15}"
275850,No Man's Sky,"Aug 12, 2016",2016-08-12,USD,5999,5999,0,$59.99,Hello Games,Hello Games,https://store.steampowered.com/app/275850/,"5,000,000 .. 10,000,000",12291,0,0,0,0,,5999,5999,0,"Action, Adventure","{""Open World"": 5393, ""Open World Survival Craft"": 5124, ""Space"": 5088, ""Exploration"": 4851, ""Sci-fi"": 3891, ""Survival"": 3473, ""Procedural Generation"": 3237, ""Adventure"": 3125, ""First-Person"": 2989, ""Multiplayer"": 2971, ""Sandbox"": 2920, ""Singleplayer"": 2804, ""Atmospheric"": 2186, ""Crafting"": 2138, ""Space Sim"": 2116, ""Indie"": 1654, ""Action"": 1448, ""Simulation"": 1176, ""FPS"": 1052, ""VR"": 998}"
276870,Dwelvers,"Dec 19, 2023",2023-12-19,USD,1499,1499,0,$14.99,Rasmus Ljunggren,Dancing Devils,https://store.steampowered.com/app/276870/,"20,000 .. 50,000",1,0,0,0,0,,1499,1499,0,"Indie, Simulation, Strategy","{""Base-Building"": 297, ""Villain Protagonist"": 290, ""Underground"": 287, ""Management"": 283, ""Sandbox"": 280, ""Dark"": 275, ""Fantasy"": 273, ""Magic"": 269, ""Top-Down"": 261, ""Building"": 252, ""Trading"": 242, ""Resource Management"": 236, ""Strategy"": 231, ""3D"": 226, ""Voxel"": 219, ""Stylized"": 206, ""God Game"": 198, ""Singleplayer"": 194, ""Simulation"": 187, ""Exploration"": 177}"
277390,VIDEOBALL,"Jul 12, 2016",2016-07-12,USD,999,999,0,$9.99,"Action Button Entertainment, LLC",Iron Galaxy Studios,https://store.steampowered.com/app/277390/,"0 .. 20,000",1,0,0,0,0,,999,999,0,"Action, Indie, Sports","{""Sports"": 29, ""Indie"": 28, ""Action"": 26, ""Local Multiplayer"": 14, ""4 Player Local"": 6, ""Arcade"": 5, ""Multiplayer"": 5}"
277700,On Rusty Trails,"Jun 13, 2016",2016-06-13,USD,1499,1499,0,$14.99,Black Pants Studio,Black Pants Studio,https://store.steampowered.com/app/277700/,"20,000 .. 50,000",0,0,0,0,0,,1499,1499,0,Indie,"{""Indie"": 223, ""Platformer"": 217, ""Puzzle-Platformer"": 214, ""Precision Platformer"": 211, ""Comic Book"": 208, ""Singleplayer"": 203, ""2.5D"": 200, ""Action"": 198, ""Cartoony"": 193, ""Robots"": 185, ""Narration"": 183, ""Atmospheric"": 181, ""Colorful"": 174, ""2D Platformer"": 169, ""Sci-fi"": 167, ""Physics"": 164, ""Story Rich"": 155, ""Controller"": 147, ""Linear"": 136, ""Score Attack"": 117}"
279070,9th Dawn II,"Oct 17, 2016",2016-10-17,USD,599,599,0,$5.99,Valorware,Valorware,https://store.steampowered.com/app/279070/,"0 .. 20,000",0,0,0,0,0,,599,599,0,"Action, Adventure, Indie, RPG","{""RPG"": 43, ""Adventure"": 39, ""Indie"": 38, ""Action"": 36, ""Dungeon Crawler"": 19, ""Action RPG"": 19, ""Open World"": 17, ""2D"": 16, ""Retro"": 16, ""Action-Adventure"": 15, ""Rogue-like"": 6}"
280160,Aragami,"Oct 4, 2016",2016-10-04,USD,1999,1999,0,$19.99,Lince Works,Lince Works,https://store.steampowered.com/app/280160/,"1,000,000 .. 2,000,000",11,0,0,0,0,,1999,1999,0,"Action, Adventure, Indie","{""Stealth"": 322, ""Ninja"": 234, ""Assassin"": 214, ""Action"": 198, ""Co-op"": 180, ""Indie"": 161, ""Adventure"": 157, ""Multiplayer"": 133, ""Third Person"": 115, ""Singleplayer"": 104, ""Anime"": 81, ""Great Soundtrack"": 78, ""Atmospheric"": 78, ""Online Co-Op"": 66, ""Magic"": 53, ""Blood"": 51, ""Strategy"": 44, ""Violent"": 35, ""Gore"": 32, ""Open World"": 31}"
280180,Hover,"May 31, 2017",2017-05-31,USD,1999,1999,0,$19.99,Midgar Studio; Fusty Game,Nacon,https://store.steampowered.com/app/280180/,"500,000 .. 1,000,000",2,0,0,0,0,,1999,1999,0,"Action, Adventure","{""Singleplayer"": 241, ""Action"": 224, ""Adventure"": 219, ""Parkour"": 217, ""Indie"": 212, ""Multiplayer"": 210, ""Platformer"": 199, ""Soundtrack"": 197, ""3D Platformer"": 196, ""Colorful"": 191, ""Fast-Paced"": 187, ""Open World"": 180, ""Cyberpunk"": 139, ""Great Soundtrack"": 121, ""Third Person"": 110, ""First-Person"": 99, ""Co-op"": 96, ""Online Co-Op"": 93, ""Sci-fi"": 89, ""Stylized"": 85}"
280520,Crea,"Jun 9, 2016",2016-06-09,USD,1499,1499,0,$14.99,Siege Games,Siege Games,https://store.steampowered.com/app/280520/,"50,000 .. 100,000",1,0,0,0,0,,1499,1499,0,"Action, Adventure, Indie, RPG","{""Open World Survival Craft"": 154, ""Sandbox"": 149, ""Crafting"": 116, ""2D"": 109, ""RPG"": 108, ""Adventure"": 106, ""Survival"": 92, ""Multiplayer"": 81, ""Indie"": 80, ""Action"": 73, ""Pixel Graphics"": 63, ""Building"": 62, ""Open World"": 58, ""Co-op"": 44, ""Side Scroller"": 37, ""Moddable"": 33, ""Platformer"": 32, ""Singleplayer"": 22, ""Memes"": 13, ""Great Soundtrack"": 10}"
280720,Imagine Earth,"May 25, 2021",2021-05-25,USD,2499,2499,0,$24.99,Serious Bros.,Serious Bros.,https://store.steampowered.com/app/280720/,"100,000 .. 200,000",12,0,0,0,0,,2499,2499,0,"Casual, Indie, Simulation, Strategy","{""3D"": 563, ""Colony Sim"": 555, ""Relaxing"": 555, ""City Builder"": 553, ""Sandbox"": 544, ""Sci-fi"": 544, ""Building"": 535, ""Management"": 526, ""Crafting"": 522, ""Nature"": 521, ""Top-Down"": 513, ""Lore-Rich"": 504, ""Economy"": 494, ""Diplomacy"": 494, ""Science"": 482, ""Capitalism"": 473, ""Space"": 458, ""Post-apocalyptic"": 455, ""Procedural Generation"": 452, ""Simulation"": 438}"
280790,Creativerse,"May 8, 2017",2017-05-08,USD,2499,2499,0,$24.99,Playful Corp.,Playful Corp.,https://store.steampowered.com/app/280790/,"1,000,000 .. 2,000,000",35,0,0,0,0,,2499,2499,0,"Action, Adventure, Casual, Indie, Massively Multiplayer, RPG, Simulation","{""Exploration"": 1959, ""Sandbox"": 1923, ""Voxel"": 1911, ""Building"": 1910, ""Crafting"": 1905, ""Survival"": 1902, ""Adventure"": 1893, ""Open World Survival Craft"": 1892, ""First-Person"": 1886, ""Fantasy"": 1881, ""Indie"": 1879, ""Multiplayer"": 1879, ""Family Friendly"": 1872, ""Singleplayer"": 1868, ""Online Co-Op"": 1858, ""RPG"": 1852, ""Action-Adventure"": 1846, ""Open World"": 1843, ""Third Person"": 1834, ""Co-op"": 1832}"
280850,Dollhouse,"May 24, 2019",2019-05-24,USD,1499,1499,0,$14.99,Creazn Studio,SOEDESCO,https://store.steampowered.com/app/280850/,"0 .. 20,000",0,0,0,0,0,,1499,1499,0,"Action, Adventure, Indie","{""Horror"": 139, ""Nudity"": 121, ""Adventure"": 120, ""Action"": 109, ""Indie"": 107, ""Multiplayer"": 102, ""Noir"": 94, ""Female Protagonist"": 92, ""Survival Horror"": 90, ""Puzzle"": 83, ""Atmospheric"": 82, ""Detective"": 80, ""Singleplayer"": 79, ""Psychological Horror"": 78, ""Story Rich"": 78, ""Survival"": 77, ""Blood"": 76, ""Linear"": 74, ""First-Person"": 61, ""Great Soundtrack"": 57}"
281080,Reversion - The Return (Last Chapter),"Feb 28, 2020",2020-02-28,USD,999,999,0,$9.99,3f Interactive,3f Interactive,https://store.steampowered.com/app/281080/,"20,000 .. 50,000",0,0,0,0,0,,999,999,0,"Adventure, Casual, Indie","{""Adventure"": 145, ""Indie"": 140, ""Casual"": 137, ""Point & Click"": 134, ""2D"": 130, ""Puzzle"": 123, ""Detective"": 116, ""Mystery"": 108, ""Singleplayer"": 99, ""Cartoony"": 90, ""Hand-drawn"": 88, ""Cartoon"": 80, ""Post-apocalyptic"": 71, ""Sci-fi"": 69, ""Atmospheric"": 60, ""Retro"": 54, ""Story Rich"": 47, ""Episodic"": 44, ""Exploration"": 37, ""Dark"": 31}"
281520,Ascension to the Throne: Valkyrie,"Mar 13, 2025",2025-03-13,USD,499,499,0,$4.99,DVS,Strategy First,https://store.steampowered.com/app/281520/,"50,000 .. 100,000",3,0,0,0,0,,499,499,0,"Adventure, RPG, Strategy","{""RPG"": 195, ""Adventure"": 191, ""Strategy"": 186, ""Turn-Based Strategy"": 160, ""Turn-Based Combat"": 156, ""Fantasy"": 145, ""Singleplayer"": 138, ""Female Protagonist"": 131, ""Spectacle fighter"": 122, ""Dungeon Crawler"": 113, ""Turn-Based Tactics"": 102, ""3D"": 100, ""Top-Down"": 87, ""Vampire"": 73, ""Werewolves"": 58, ""Third Person"": 42, ""Atmospheric"": 28, ""Family Friendly"": 23}"
281990,Stellaris,"May 9, 2016",2016-05-09,USD,999,3999,75,$9.99,Paradox Development Studio,Paradox Interactive,https://store.steampowered.com/app/281990/,"2,000,000 .. 5,000,000",13727,0,0,0,0,,999,3999,75,"Simulation, Strategy","{""Space"": 2616, ""Grand Strategy"": 2181, ""Strategy"": 2178, ""Sci-fi"": 2131, ""4X"": 2013, ""Exploration"": 1952, ""Sandbox"": 1928, ""Simulation"": 1885, ""Multiplayer"": 1087, ""Singleplayer"": 992, ""Real-Time with Pause"": 985, ""Moddable"": 969, ""Management"": 928, ""Diplomacy"": 927, ""Military"": 886, ""Futuristic"": 880, ""Replay Value"": 845, ""Great Soundtrack"": 813, ""Procedural Generation"": 797, ""Atmospheric"": 788}"
282560,RollerCoaster Tycoon World™,"Nov 16, 2016",2016-11-16,USD,1499,1499,0,$14.99,Nvizzio Creations,Atari; RCTO Productions,https://store.steampowered.com/app/282560/,"200,000 .. 500,000",5,0,0,0,0,,1499,1499,0,"Simulation, Strategy","{""Simulation"": 187, ""Building"": 133, ""Management"": 127, ""Strategy"": 113, ""Sandbox"": 112, ""Singleplayer"": 95, ""Multiplayer"": 52, ""Realistic"": 50, ""Early Access"": 38, ""Funny"": 26, ""Co-op"": 12, ""Open World"": 11, ""Casual"": 8, ""Nostalgia"": 7, ""Family Friendly"": 7, ""Action"": 7, ""Economy"": 6, ""Adventure"": 6}"
282680,Warring States,"Jan 29, 2018",2018-01-29,USD,1899,1899,0,$18.99,polynation games ltd,polynation games ltd,https://store.steampowered.com/app/282680/,"0 .. 20,000",0,0,0,0,0,,1899,1899,0,"Indie, Strategy","{""Strategy"": 29, ""Indie"": 26, ""Turn-Based"": 23, ""Tactical"": 21, ""Turn-Based Tactics"": 19, ""Historical"": 19, ""Turn-Based Strategy"": 17, ""Turn-Based Combat"": 16, ""Wargame"": 14, ""War"": 13, ""Hex Grid"": 10, ""Anime"": 6}"
282880,FaeVerse Alchemy,"Sep 11, 2024",2024-09-11,USD,599,599,0,$5.99,Subsoap,Subsoap,https://store.steampowered.com/app/282880/,"50,000 .. 100,000",1,0,0,0,0,,599,599,0,"Casual, Indie, Strategy","{""Casual"": 41, ""Indie"": 38, ""Strategy"": 34, ""Puzzle"": 24, ""Match 3"": 19, ""Free to Play"": 6, ""Early Access"": 6}"
283160,House of the Dying Sun,"Nov 1, 2016",2016-11-01,USD,599,1999,70,$5.99,"Marauder Interactive, LLC","Marauder Interactive, LLC",https://store.steampowered.com/app/283160/,"100,000 .. 200,000",1,0,0,0,0,,599,1999,70,"Action, Indie, Simulation","{""Action"": 58, ""Simulation"": 52, ""Indie"": 48, ""Space"": 48, ""Space Sim"": 46, ""VR"": 46, ""Sci-fi"": 24, ""Flight"": 21, ""Singleplayer"": 20, ""Shooter"": 19, ""First-Person"": 15, ""Strategy"": 11, ""Great Soundtrack"": 10, ""Short"": 9, ""Tactical"": 8}"
283640,Salt and Sanctuary,"May 17, 2016",2016-05-17,USD,1799,1799,0,$17.99,Ska Studios,Ska Studios,https://store.steampowered.com/app/283640/,"1,000,000 .. 2,000,000",48,0,0,0,0,,1799,1799,0,"Action, Indie, RPG","{""Souls-like"": 728, ""Metroidvania"": 366, ""Dark Fantasy"": 325, ""2D"": 305, ""Difficult"": 301, ""RPG"": 282, ""Action"": 231, ""Platformer"": 213, ""Indie"": 159, ""Local Co-Op"": 154, ""Atmospheric"": 136, ""Dark"": 132, ""Action RPG"": 121, ""Co-op"": 114, ""Gore"": 113, ""Side Scroller"": 111, ""Singleplayer"": 100, ""Adventure"": 89, ""Horror"": 82, ""Story Rich"": 72}"
284100,Unclaimed World,"Oct 4, 2016",2016-10-04,USD,1699,1699,0,$16.99,Refactored Games,Refactored Games,https://store.steampowered.com/app/284100/,"20,000 .. 50,000",0,0,0,0,0,,84,1699,95,"Indie, Simulation, Strategy","{""Simulation"": 55, ""Strategy"": 50, ""Indie"": 42, ""Survival"": 18, ""Sci-fi"": 17, ""Colony Sim"": 8, ""Early Access"": 5, ""Space"": 5, ""Sandbox"": 5}"
284240,Maize,"Dec 1, 2016",2016-12-01,USD,999,999,0,$9.99,Finish Line Games,Finish Line Games,https://store.steampowered.com/app/284240/,"200,000 .. 500,000",0,0,0,0,0,,999,999,0,"Adventure, Indie","{""Adventure"": 142, ""Comedy"": 136, ""Indie"": 132, ""Story Rich"": 129, ""Puzzle"": 126, ""First-Person"": 120, ""Funny"": 118, ""Walking Simulator"": 116, ""Singleplayer"": 113, ""Exploration"": 109, ""Point & Click"": 105, ""Sci-fi"": 98, ""Hidden Object"": 88, ""Atmospheric"": 78, ""Surreal"": 76, ""Family Friendly"": 67, ""Collectathon"": 65, ""3D"": 59, ""Realistic"": 54, ""1980s"": 54}"
285110,GearCity,"Jan 14, 2022",2022-01-14,USD,1999,1999,0,$19.99,Visual Entertainment And Technologies,Visual Entertainment And Technologies,https://store.steampowered.com/app/285110/,"20,000 .. 50,000",20,0,0,0,0,,1999,1999,0,"Indie, Simulation, Strategy","{""Management"": 68, ""Simulation"": 67, ""Strategy"": 59, ""Economy"": 51, ""Indie"": 48, ""Automobile Sim"": 43, ""Capitalism"": 34, ""Turn-Based"": 22, ""Realistic"": 15, ""Retro"": 14, ""Turn-Based Strategy"": 13, ""Education"": 13, ""Replay Value"": 13, ""Building"": 12, ""Old School"": 12, ""Addictive"": 12, ""Early Access"": 12, ""Sandbox"": 11, ""Historical"": 11, ""Racing"": 11}"
285190,"Warhammer 40,000: Dawn of War III","Apr 27, 2017",2017-04-27,USD,3999,3999,0,$39.99,Relic Entertainment; Feral Interactive (Mac); Feral Interactive (Linux),Relic Entertainment; Feral Interactive (Mac); Feral Interactive (Linux),https://store.steampowered.com/app/285190/,"1,000,000 .. 2,000,000",88,0,0,0,0,,3999,3999,0,"Action, Simulation, Strategy","{""Warhammer 40K"": 623, ""Strategy"": 487, ""RTS"": 431, ""Sci-fi"": 284, ""Multiplayer"": 269, ""Action"": 263, ""Games Workshop"": 249, ""MOBA"": 240, ""Base-Building"": 209, ""Singleplayer"": 205, ""Gore"": 201, ""War"": 184, ""Atmospheric"": 159, ""Tactical"": 158, ""Co-op"": 144, ""Great Soundtrack"": 104, ""Story Rich"": 97, ""Classic"": 89, ""Violent"": 89, ""Casual"": 62}"
285380,On The Road - The Truck Simulator,"Nov 14, 2019",2019-11-14,USD,1199,2999,60,$11.99,tox² interactive GmbH,Aerosoft GmbH,https://store.steampowered.com/app/285380/,"100,000 .. 200,000",4,0,0,0,0,,1199,2999,60,"Casual, Simulation, Strategy","{""Automobile Sim"": 96, ""Simulation"": 94, ""Casual"": 62, ""Driving"": 55, ""Realistic"": 52, ""Strategy"": 49, ""Singleplayer"": 45, ""Moddable"": 34, ""Economy"": 34, ""Atmospheric"": 34, ""Management"": 33, ""Relaxing"": 32, ""Adventure"": 29, ""Racing"": 29, ""Open World"": 28, ""Multiplayer"": 26, ""First-Person"": 25, ""TrackIR"": 23, ""Exploration"": 22, ""Sandbox"": 22}"
285920,TerraTech,"Aug 10, 2018",2018-08-10,USD,2499,2499,0,$24.99,Payload Studios,Mythwright,https://store.steampowered.com/app/285920/,"500,000 .. 1,000,000",261,0,0,0,0,,2499,2499,0,"Action, Indie","{""Building"": 837, ""Sandbox"": 745, ""Open World"": 698, ""Open World Survival Craft"": 646, ""Multiplayer"": 619, ""Robots"": 615, ""Crafting"": 540, ""Action"": 487, ""Survival"": 451, ""Adventure"": 430, ""Singleplayer"": 408, ""Exploration"": 401, ""Strategy"": 370, ""Early Access"": 336, ""Indie"": 321, ""Vehicular Combat"": 285, ""Physics"": 283, ""Online Co-Op"": 267, ""Third Person"": 265, ""PvP"": 261}"
286000,Tooth and Tail,"Sep 12, 2017",2017-09-12,USD,1999,1999,0,$19.99,Pocketwatch Games,Pocketwatch Games,https://store.steampowered.com/app/286000/,"200,000 .. 500,000",3,0,0,0,0,,1999,1999,0,"Action, Casual, Indie, Strategy","{""Strategy"": 162, ""RTS"": 144, ""Pixel Graphics"": 115, ""Multiplayer"": 102, ""Indie"": 101, ""Action"": 80, ""Casual"": 63, ""Great Soundtrack"": 61, ""2D"": 60, ""Competitive"": 54, ""Controller"": 52, ""Singleplayer"": 41, ""Isometric"": 32, ""Split Screen"": 31, ""Local Co-Op"": 30, ""Local Multiplayer"": 30, ""Story Rich"": 25, ""Procedural Generation"": 20, ""Co-op"": 11, ""4 Player Local"": 10}"
286240,Dog Sled Saga,"Sep 22, 2016",2016-09-22,USD,799,799,0,$7.99,Trichotomy,Trichotomy,https://store.steampowered.com/app/286240/,"20,000 .. 50,000",0,0,0,0,0,,799,799,0,"Indie, Racing, RPG, Sports","{""Racing"": 52, ""Dog"": 47, ""Indie"": 42, ""Sports"": 42, ""RPG"": 36, ""Simulation"": 36, ""Pixel Graphics"": 30, ""Management"": 23, ""Cute"": 19, ""Singleplayer"": 14, ""2D"": 7, ""Family Friendly"": 7}"
286300,Algo Bot,"Feb 14, 2018",2018-02-14,USD,999,999,0,$9.99,Fishing Cactus,Plug In Digital,https://store.steampowered.com/app/286300/,"50,000 .. 100,000",0,0,0,0,0,,999,999,0,Indie,"{""Indie"": 37, ""Puzzle"": 32, ""Programming"": 31, ""Sci-fi"": 24, ""Singleplayer"": 23, ""Space"": 22, ""Logic"": 17, ""Robots"": 16, ""3D"": 13, ""Dark Humor"": 10}"
287220,Autocraft,"Sep 20, 2017",2017-09-20,USD,999,999,0,$9.99,Alientrap,Alientrap,https://store.steampowered.com/app/287220/,"20,000 .. 50,000",1,0,0,0,0,,999,999,0,"Casual, Indie, Simulation","{""Sandbox"": 53, ""Simulation"": 52, ""Building"": 43, ""Indie"": 41, ""Physics"": 40, ""Casual"": 38, ""Space"": 33, ""Crafting"": 23, ""Singleplayer"": 20, ""Early Access"": 15, ""Multiplayer"": 15, ""Space Sim"": 15, ""Open World"": 10}"
287310,Re-Volt,"Jul 29, 2022",2022-07-29,USD,599,599,0,$5.99,Acclaim Studios Teesside,"H2 Interactive Co., Ltd.; SUPERDAY",https://store.steampowered.com/app/287310/,"100,000 .. 200,000",4,0,0,0,0,,599,599,0,Racing,"{""Racing"": 116, ""Combat Racing"": 102, ""Arcade"": 86, ""PvP"": 80, ""Multiplayer"": 75, ""Third Person"": 72, ""3D"": 68, ""Retro"": 65, ""Controller"": 59, ""Singleplayer"": 53, ""Classic"": 21}"
287900,Pro Pinball Ultra,"Jul 21, 2016",2016-07-21,USD,1499,1499,0,$14.99,Barnstorm Games,Barnstorm Games,https://store.steampowered.com/app/287900/,"50,000 .. 100,000",5,0,0,0,0,,1499,1499,0,Simulation,"{""Simulation"": 36, ""Pinball"": 15, ""Arcade"": 6}"
288000,Oncoming Death Steam Edition,"Jul 1, 2019",2019-07-01,USD,99,99,0,$0.99,David Vogt; Christoph Winkler,Shit-Happens-Software,https://store.steampowered.com/app/288000/,"0 .. 20,000",0,0,0,0,0,,99,99,0,"Action, Adventure, Indie","{""Indie"": 22, ""Adventure"": 20}"
288080,BoneTown: The Second Coming Edition,"Jun 8, 2021",2021-06-08,USD,1999,1999,0,$19.99,D-Dub Software,D-Dub Software; Shady Corner Games,https://store.steampowered.com/app/288080/,"0 .. 20,000",8,0,0,0,0,,1999,1999,0,"Action, Adventure, Indie, Simulation",
288100,MechRunner,"Jul 15, 2016",2016-07-15,USD,699,699,0,$6.99,Spark Plug Games,Spark Plug Games,https://store.steampowered.com/app/288100/,"0 .. 20,000",0,0,0,0,0,,699,699,0,Action,"{""Action"": 26, ""Sci-fi"": 16, ""Mechs"": 16, ""Robots"": 16, ""Arcade"": 15, ""Third Person"": 14}"
288220,Backstage Pass,"Aug 22, 2016",2016-08-22,USD,2999,2999,0,$29.99,sakevisual,sakevisual,https://store.steampowered.com/app/288220/,"0 .. 20,000",1,0,0,0,0,,2999,2999,0,"Indie, Simulation","{""Visual Novel"": 106, ""Otome"": 98, ""Female Protagonist"": 81, ""Anime"": 77, ""Dating Sim"": 71, ""Simulation"": 70, ""Indie"": 62, ""Romance"": 46, ""RPG"": 15, ""Singleplayer"": 11, ""LGBTQ+"": 8, ""Story Rich"": 7, ""2D"": 5}"
288860,Realms of Arkania: Star Trail,"Aug 10, 2017",2017-08-10,USD,1499,1499,0,$14.99,United Independent Entertainment GmbH; Crafty Studios,United Independent Entertainment,https://store.steampowered.com/app/288860/,"0 .. 20,000",1,0,0,0,0,,1499,1499,0,"Adventure, Indie, RPG","{""RPG"": 52, ""Adventure"": 39, ""Indie"": 35, ""Remake"": 15, ""Turn-Based"": 11, ""Fantasy"": 9, ""Party-Based RPG"": 7, ""Dungeon Crawler"": 7, ""Singleplayer"": 6, ""First-Person"": 6}"
289060,The Emerald Tablet,"Dec 16, 2019",2019-12-16,USD,1999,1999,0,$19.99,{uni},Sekai Project,https://store.steampowered.com/app/289060/,"20,000 .. 50,000",0,0,0,0,0,,1999,1999,0,"Indie, RPG","{""JRPG"": 247, ""Time Management"": 243, ""Trading"": 239, ""Casual"": 236, ""Building"": 232, ""Exploration"": 225, ""Management"": 220, ""Visual Novel"": 213, ""Capitalism"": 207, ""Crafting"": 206, ""Action RPG"": 202, ""Female Protagonist"": 198, ""RPG"": 192, ""2D"": 186, ""Cute"": 181, ""Funny"": 172, ""Story Rich"": 170, ""Action"": 167, ""Simulation"": 160, ""Anime"": 153}"
289070,Sid Meier’s Civilization® VI,"Oct 20, 2016",2016-10-20,USD,599,5999,90,$5.99,Firaxis Games; Aspyr (Mac); Aspyr (Linux),2K; Aspyr (Mac); Aspyr (Linux),https://store.steampowered.com/app/289070/,"10,000,000 .. 20,000,000",25420,0,0,0,0,,599,5999,90,Strategy,"{""Strategy"": 3542, ""Turn-Based Strategy"": 2555, ""Multiplayer"": 1737, ""Historical"": 1710, ""Grand Strategy"": 1410, ""Singleplayer"": 1407, ""Turn-Based"": 1335, ""4X"": 1170, ""War"": 1095, ""City Builder"": 1094, ""Simulation"": 1079, ""Tactical"": 817, ""Management"": 641, ""Building"": 629, ""Great Soundtrack"": 489, ""Online Co-Op"": 489, ""Moddable"": 487, ""Co-op"": 469, ""Hex Grid"": 407, ""Atmospheric"": 204}"
289710,Kreed: Battle for Savitar,"Feb 18, 2026",2026-02-18,USD,599,599,0,$5.99,Burut CT,Strategy First,https://store.steampowered.com/app/289710/,"0 .. 20,000",0,0,0,0,0,,599,599,0,Action,
290000,DubWars,"Jul 19, 2016",2016-07-19,USD,999,999,0,$9.99,MURA Interactive,WOBBL3 Entertainment LLC,https://store.steampowered.com/app/290000/,"50,000 .. 100,000",0,0,0,0,0,,999,999,0,"Action, Casual, Indie","{""Indie"": 36, ""Casual"": 32, ""Action"": 30, ""Music"": 24, ""Arcade"": 19, ""Shoot 'Em Up"": 11, ""Bullet Hell"": 10, ""Shooter"": 9, ""Rhythm"": 5}"
290020,LogicBots,"Feb 8, 2017",2017-02-08,USD,1999,1999,0,$19.99,Incandescent Games,Incandescent Games,https://store.steampowered.com/app/290020/,"0 .. 20,000",0,0,0,0,0,,1999,1999,0,"Indie, Simulation","{""Simulation"": 54, ""Indie"": 39, ""Programming"": 35, ""Robots"": 33, ""Puzzle"": 30, ""Sandbox"": 28, ""Building"": 23, ""Education"": 18, ""Early Access"": 6, ""Logic"": 6}"
290100,Bulwark: Falconeer Chronicles,"Mar 26, 2024",2024-03-26,USD,1999,1999,0,$19.99,Tomas Sala,Wired Productions,https://store.steampowered.com/app/290100/,"50,000 .. 100,000",14,0,0,0,0,,1999,1999,0,"Casual, Indie, Simulation, Strategy","{""City Builder"": 1145, ""Combat"": 1141, ""Minimalist"": 1047, ""Exploration"": 1026, ""Controller"": 1021, ""Strategy"": 1017, ""Sandbox"": 1017, ""Relaxing"": 990, ""Base-Building"": 929, ""Casual"": 895, ""Building"": 884, ""Experimental"": 810, ""Grand Strategy"": 795, ""Dragons"": 786, ""Naval Combat"": 783, ""Fantasy"": 779, ""3D"": 773, ""Cinematic"": 768, ""Open World"": 766, ""Atmospheric"": 757}"
290180,Gnomancer,"Apr 7, 2021",2021-04-07,USD,1199,1199,0,$11.99,ProjectorGames,ProjectorGames,https://store.steampowered.com/app/290180/,"0 .. 20,000",0,0,0,0,0,,1199,1199,0,"Action, Adventure, Casual, Indie","{""Action"": 41, ""Indie"": 41, ""Casual"": 41, ""Adventure"": 40, ""Action RPG"": 11, ""Early Access"": 9}"
290510,GNOG,"Jul 17, 2018",2018-07-17,USD,999,999,0,$9.99,KO_OP,KO_OP,https://store.steampowered.com/app/290510/,"100,000 .. 200,000",0,0,0,0,0,,999,999,0,"Adventure, Casual, Indie","{""Indie"": 60, ""Casual"": 58, ""Adventure"": 47, ""Puzzle"": 38, ""VR"": 29, ""Colorful"": 28, ""Point & Click"": 21, ""Great Soundtrack"": 12, ""Singleplayer"": 8}"
290690,Tonight We Riot,"May 7, 2020",2020-05-07,USD,1499,1499,0,$14.99,Pixel Pushers Union 512,Means Interactive,https://store.steampowered.com/app/290690/,"0 .. 20,000",0,0,0,0,0,,1499,1499,0,"Action, Indie","{""Action"": 77, ""Indie"": 77, ""Political"": 32, ""Beat 'em up"": 25, ""Pixel Graphics"": 21, ""Co-op"": 21, ""Retro"": 21, ""Old School"": 17, ""2D"": 10, ""Local Co-Op"": 8}"
290850,X-Team,"Dec 11, 2019",2019-12-11,USD,499,499,0,$4.99,N-Game Studios,N-Game Studios,https://store.steampowered.com/app/290850/,"0 .. 20,000",0,0,0,0,0,,499,499,0,"Action, Indie, RPG, Strategy","{""Action"": 31, ""Indie"": 31, ""Strategy"": 30, ""RPG"": 30, ""Violent"": 22, ""RTS"": 12, ""Post-apocalyptic"": 12, ""Singleplayer"": 12, ""Isometric"": 12, ""Strategy RPG"": 11}"
290870,Steam Squad,"Jul 28, 2016",2016-07-28,USD,1799,1799,0,$17.99,Bretwalda Games,Bretwalda Games,https://store.steampowered.com/app/290870/,"0 .. 20,000",0,0,0,0,0,,1799,1799,0,"Indie, Strategy","{""Strategy"": 39, ""Indie"": 32, ""Turn-Based"": 26, ""World War I"": 25, ""Steampunk"": 22, ""Alternate History"": 17, ""Turn-Based Tactics"": 16, ""Atmospheric"": 12, ""Wargame"": 12, ""Classic"": 8, ""Tactical"": 6}"
291010,The Hat Man: Shadow Ward,"Jun 10, 2016",2016-06-10,USD,999,999,0,$9.99,Game Mechanics LLC,Game Mechanics LLC,https://store.steampowered.com/app/291010/,"200,000 .. 500,000",0,0,0,0,0,,999,999,0,"Action, Adventure, Indie","{""Horror"": 137, ""Indie"": 61, ""First-Person"": 51, ""Adventure"": 41, ""Atmospheric"": 39, ""Action"": 37, ""Singleplayer"": 23, ""Walking Simulator"": 12, ""Survival Horror"": 12, ""Anime"": 10, ""Female Protagonist"": 10, ""Psychological Horror"": 10, ""Survival"": 10, ""Casual"": 10, ""Co-op"": 6, ""FPS"": 6, ""Turn-Based"": 5, ""Puzzle"": 5, ""Zombies"": 5, ""Simulation"": 5}"
291250,Jumpdrive,"Jan 18, 2018",2018-01-18,USD,999,999,0,$9.99,Meteoric Games,Meteoric Games,https://store.steampowered.com/app/291250/,"20,000 .. 50,000",0,0,0,0,0,,999,999,0,"Action, Adventure, Indie, Simulation","{""Indie"": 30, ""Simulation"": 30, ""Action"": 25, ""Space"": 25, ""Adventure"": 20, ""Open World"": 15, ""Sandbox"": 9, ""Exploration"": 5, ""Space Sim"": 5}"
291690,Empathy: Path of Whispers,"May 16, 2017",2017-05-16,USD,1999,1999,0,$19.99,Pixel Night,Iceberg Interactive,https://store.steampowered.com/app/291690/,"20,000 .. 50,000",1,0,0,0,0,,1999,1999,0,"Adventure, Indie","{""Adventure"": 56, ""Indie"": 36, ""Story Rich"": 33, ""Atmospheric"": 30, ""Walking Simulator"": 28, ""Great Soundtrack"": 27, ""Puzzle"": 15, ""First-Person"": 14, ""Exploration"": 11, ""Surreal"": 10, ""Mystery"": 9, ""Philosophical"": 7, ""Post-apocalyptic"": 5, ""Singleplayer"": 5, ""Narrative"": 5}"
291840,The Feud: Wild West Tactics,"Jul 22, 2020",2020-07-22,USD,2999,2999,0,$29.99,Galaxy Pest Control,Galaxy Pest Control,https://store.steampowered.com/app/291840/,"0 .. 20,000",1,0,0,0,0,,2999,2999,0,"RPG, Strategy","{""RPG"": 79, ""Strategy"": 78, ""Western"": 23, ""Turn-Based"": 22, ""Gore"": 20, ""Violent"": 20, ""Turn-Based Tactics"": 9}"
291860,Pit People®,"Mar 2, 2018",2018-03-02,USD,1999,1999,0,$19.99,The Behemoth,The Behemoth,https://store.steampowered.com/app/291860/,"100,000 .. 200,000",14,0,0,0,0,,1999,1999,0,"Action, Indie, RPG, Strategy","{""Turn-Based Combat"": 363, ""Online Co-Op"": 359, ""2D"": 356, ""Funny"": 346, ""Strategy"": 336, ""Memes"": 334, ""Comedy"": 274, ""Co-op"": 271, ""Indie"": 269, ""Turn-Based"": 268, ""Local Co-Op"": 263, ""Multiplayer"": 263, ""Singleplayer"": 259, ""Casual"": 257, ""RPG"": 252, ""Action"": 206, ""Turn-Based Tactics"": 190, ""Turn-Based Strategy"": 184, ""Open World"": 178, ""Hex Grid"": 170}"
292330,Starship Corporation,"May 3, 2018",2018-05-03,USD,1999,1999,0,$19.99,Coronado Games,Iceberg Interactive,https://store.steampowered.com/app/292330/,"200,000 .. 500,000",0,0,0,0,0,,1999,1999,0,"Indie, Simulation, Strategy","{""Simulation"": 45, ""Strategy"": 38, ""Indie"": 36, ""Management"": 30, ""Space"": 21, ""Sci-fi"": 12, ""Building"": 9, ""Relaxing"": 9, ""Early Access"": 5}"
292730,Call of Duty®: Infinite Warfare,"Nov 3, 2016",2016-11-03,USD,5999,5999,0,$59.99,Infinity Ward,Activision,https://store.steampowered.com/app/292730/,"1,000,000 .. 2,000,000",326,0,0,0,0,,5999,5999,0,"Action, Adventure","{""Action"": 620, ""FPS"": 594, ""Multiplayer"": 505, ""Zombies"": 499, ""Futuristic"": 497, ""Space"": 497, ""Shooter"": 490, ""Hero Shooter"": 459, ""First-Person"": 434, ""Singleplayer"": 371, ""Sci-fi"": 322, ""Robots"": 307, ""Adventure"": 218, ""Story Rich"": 174, ""Atmospheric"": 148, ""Quick-Time Events"": 148, ""War"": 124, ""Great Soundtrack"": 122, ""Co-op"": 89, ""Post-apocalyptic"": 80}"
293480,FRONTIERS,"Jan 1, 2020",2020-01-01,USD,1499,1499,0,$14.99,AAD Productions,AAD Productions,https://store.steampowered.com/app/293480/,"0 .. 20,000",0,0,0,0,0,,1499,1499,0,"Adventure, Casual, Indie, RPG","{""RPG"": 47, ""Adventure"": 42, ""Indie"": 41, ""Casual"": 37, ""Open World"": 31, ""Exploration"": 17, ""Sandbox"": 11, ""Survival"": 9, ""First-Person"": 9}"
293780,Crawl,"Apr 11, 2017",2017-04-11,USD,1499,1499,0,$14.99,Powerhoof,Powerhoof,https://store.steampowered.com/app/293780/,"200,000 .. 500,000",8,0,0,0,0,,1499,1499,0,"Action, Indie, RPG","{""Pixel Graphics"": 296, ""Local Multiplayer"": 237, ""Dungeon Crawler"": 237, ""Action Roguelike"": 200, ""4 Player Local"": 186, ""Indie"": 153, ""Local Co-Op"": 140, ""Action"": 125, ""Multiplayer"": 122, ""Rogue-like"": 119, ""RPG"": 99, ""Lovecraftian"": 82, ""2D"": 77, ""Great Soundtrack"": 76, ""Fantasy"": 60, ""Co-op"": 60, ""Gore"": 54, ""Singleplayer"": 48, ""Horror"": 41, ""Rogue-lite"": 39}"
294100,RimWorld,"Oct 17, 2018",2018-10-17,USD,3499,3499,0,$34.99,Ludeon Studios,Ludeon Studios,https://store.steampowered.com/app/294100/,"5,000,000 .. 10,000,000",19211,0,0,0,0,,3499,3499,0,"Indie, Simulation, Strategy","{""Colony Sim"": 4108, ""Base-Building"": 3972, ""Survival"": 3543, ""Strategy"": 2805, ""Sandbox"": 2770, ""Management"": 2649, ""Building"": 2105, ""Simulation"": 1865, ""Moddable"": 1594, ""Singleplayer"": 1594, ""City Builder"": 1561, ""Open World"": 1557, ""Procedural Generation"": 1478, ""2D"": 1466, ""Sci-fi"": 1365, ""Indie"": 1336, ""Space"": 1306, ""Tactical RPG"": 1291, ""Cartoony"": 1187, ""Western"": 1181}"
295650,Streng Check,"Mar 27, 2019",2019-03-27,USD,499,499,0,$4.99,PPC,PPC,https://store.steampowered.com/app/295650/,"200,000 .. 500,000",0,0,0,0,0,,499,499,0,"Action, Adventure, Indie","{""Action"": 28, ""Indie"": 21, ""Adventure"": 20}"
295670,Hive Jump,"Jan 18, 2017",2017-01-18,USD,1999,1999,0,$19.99,Graphite Lab,Graphite Lab,https://store.steampowered.com/app/295670/,"100,000 .. 200,000",1,0,0,0,0,,1999,1999,0,"Action, Indie","{""Platformer"": 132, ""Shooter"": 128, ""Rogue-like"": 124, ""Arcade"": 121, ""2D"": 119, ""Procedural Generation"": 111, ""Side Scroller"": 110, ""Action"": 106, ""Pixel Graphics"": 105, ""Colorful"": 103, ""Sci-fi"": 100, ""Aliens"": 99, ""Co-op"": 97, ""Local Co-Op"": 95, ""Online Co-Op"": 89, ""Multiplayer"": 88, ""Singleplayer"": 86, ""4 Player Local"": 79, ""Local Multiplayer"": 78, ""Indie"": 69}"
296790,ThunderWheels,"Nov 2, 2017",2017-11-02,USD,899,899,0,$8.99,Arcade Injection,Arcade Injection,https://store.steampowered.com/app/296790/,"20,000 .. 50,000",0,0,0,0,0,,899,899,0,"Casual, Indie, Racing, Simulation, Sports, Early Access","{""Racing"": 187, ""Top-Down"": 181, ""Local Multiplayer"": 176, ""4 Player Local"": 172, ""Family Friendly"": 167, ""Simulation"": 161, ""Arcade"": 157, ""Early Access"": 148, ""Indie"": 140, ""Funny"": 133, ""Local Co-Op"": 124, ""Colorful"": 119, ""Difficult"": 116, ""Casual"": 113, ""Sports"": 109, ""Singleplayer"": 102, ""Stylized"": 93, ""Physics"": 80, ""1980s"": 78, ""Character Customization"": 68}"
296890,Neon Shadow,"Aug 25, 2016",2016-08-25,USD,499,499,0,$4.99,Tasty Poison,Crescent Moon Games,https://store.steampowered.com/app/296890/,"20,000 .. 50,000",0,0,0,0,0,,499,499,0,Action,"{""Action"": 25, ""FPS"": 10, ""Shooter"": 5, ""Multiplayer"": 5, ""Cyberpunk"": 5}"
297190,Grayland,"Jan 15, 2020",2020-01-15,USD,499,499,0,$4.99,1DER Entertainment,1DER Entertainment,https://store.steampowered.com/app/297190/,"0 .. 20,000",1,0,0,0,0,,499,499,0,"Action, Adventure, Indie","{""Action"": 203, ""Adventure"": 197, ""Side Scroller"": 194, ""Atmospheric"": 191, ""Action-Adventure"": 188, ""Arcade"": 182, ""Shooter"": 179, ""2D Platformer"": 177, ""Puzzle-Platformer"": 174, ""2D"": 171, ""Cute"": 160, ""Stylized"": 148, ""Cartoon"": 139, ""Minimalist"": 135, ""Noir"": 133, ""Dark Fantasy"": 129, ""Emotional"": 116, ""Controller"": 114, ""Linear"": 111, ""Singleplayer"": 109}"
298050,Master of Orion,"Aug 25, 2016",2016-08-25,USD,2499,2499,0,$24.99,NGD Studios,Wargaming Labs,https://store.steampowered.com/app/298050/,"500,000 .. 1,000,000",305,0,0,0,0,,2499,2499,0,Strategy,"{""Strategy"": 386, ""4X"": 271, ""Space"": 187, ""Turn-Based"": 152, ""Sci-fi"": 125, ""Multiplayer"": 76, ""Singleplayer"": 56, ""Grand Strategy"": 48, ""Classic"": 47, ""Early Access"": 33, ""Remake"": 32, ""Turn-Based Strategy"": 24, ""Action"": 23, ""Atmospheric"": 23, ""Co-op"": 22, ""RTS"": 11}"
298280,XenoRaptor,"Dec 24, 2019",2019-12-24,USD,999,999,0,$9.99,Peter Cleary,-,https://store.steampowered.com/app/298280/,"0 .. 20,000",0,0,0,0,0,,999,999,0,"Action, Indie","{""Action"": 40, ""Indie"": 38, ""Bullet Hell"": 25, ""Space"": 22, ""Twin Stick Shooter"": 21, ""Shooter"": 18, ""Co-op"": 12, ""Shoot 'Em Up"": 12, ""Arcade"": 12, ""Early Access"": 5}"
298380,Reef Shot,"Dec 4, 2017",2017-12-04,USD,899,899,0,$8.99,Nano Games,Nano Games,https://store.steampowered.com/app/298380/,"0 .. 20,000",0,0,0,0,0,,899,899,0,"Adventure, Casual, Indie, Simulation","{""Simulation"": 45, ""Adventure"": 43, ""Indie"": 43, ""Casual"": 42, ""Underwater"": 14}"
298560,Captain Forever Remix,"Jun 3, 2016",2016-06-03,USD,999,999,0,$9.99,Pixelsaurus Games; Future Crayon,Pixelsaurus Games,https://store.steampowered.com/app/298560/,"50,000 .. 100,000",0,0,0,0,0,,999,999,0,"Action, Indie","{""Space"": 84, ""Action Roguelike"": 54, ""Indie"": 51, ""Action"": 47, ""Building"": 35, ""Rogue-lite"": 24, ""Singleplayer"": 24, ""Female Protagonist"": 24, ""2D"": 22, ""Sci-fi"": 22, ""Shooter"": 20, ""Rogue-like"": 19, ""Colorful"": 17, ""Replay Value"": 16, ""Top-Down"": 16, ""Family Friendly"": 15, ""Hand-drawn"": 15, ""Cartoony"": 14, ""Cartoon"": 13, ""Shoot 'Em Up"": 12}"
299080,the white chamber,"Sep 7, 2023",2023-09-07,USD,299,299,0,$2.99,Locked Door Puzzle,Lupus Studios Limited,https://store.steampowered.com/app/299080/,"0 .. 20,000",0,0,0,0,0,,299,299,0,Adventure,"{""Adventure"": 65, ""Point & Click"": 39, ""Anime"": 37, ""Horror"": 34, ""Story Rich"": 30, ""Gore"": 25, ""Singleplayer"": 24}"
299250,European Ship Simulator,"Nov 4, 2016",2016-11-04,USD,1999,1999,0,$19.99,Excalibur,Excalibur Games,https://store.steampowered.com/app/299250/,"100,000 .. 200,000",2,0,0,0,0,,1999,1999,0,Simulation,"{""Simulation"": 92, ""Open World"": 42, ""Singleplayer"": 34, ""Adventure"": 26, ""Multiplayer"": 25, ""Naval"": 21, ""Action"": 14, ""Sailing"": 12, ""Free to Play"": 8}"
299400,XING: The Land Beyond,"Sep 21, 2017",2017-09-21,USD,1999,1999,0,$19.99,White Lotus Interactive,White Lotus Interactive,https://store.steampowered.com/app/299400/,"20,000 .. 50,000",0,0,0,0,0,,1999,1999,0,"Adventure, Indie","{""Adventure"": 38, ""Indie"": 36, ""VR"": 33, ""Puzzle"": 21, ""Relaxing"": 18, ""Atmospheric"": 17, ""Singleplayer"": 17, ""Story Rich"": 16, ""Great Soundtrack"": 16, ""First-Person"": 6}"
299800,The Land of Eyas,"Jul 21, 2016",2016-07-21,USD,999,999,0,$9.99,Happy Square Productions,Rising Star Games,https://store.steampowered.com/app/299800/,"20,000 .. 50,000",0,0,0,0,0,,999,999,0,"Action, Indie","{""Indie"": 33, ""Action"": 32, ""Puzzle-Platformer"": 15}"
299950,GET EVEN,"Jun 20, 2017",2017-06-20,USD,2999,2999,0,$29.99,The Farm 51,BANDAI NAMCO Entertainment,https://store.steampowered.com/app/299950/,"50,000 .. 100,000",1,0,0,0,0,,2999,2999,0,"Action, Indie","{""Action"": 66, ""Psychological Horror"": 61, ""Mystery"": 58, ""FPS"": 52, ""Story Rich"": 50, ""First-Person"": 47, ""Thriller"": 45, ""Detective"": 45, ""Indie"": 44, ""Horror"": 42, ""Psychological"": 42, ""Dark"": 38, ""Shooter"": 33, ""Great Soundtrack"": 31, ""Exploration"": 29, ""Adventure"": 28, ""Mature"": 26, ""Drama"": 26, ""Walking Simulator"": 24, ""Psychedelic"": 18}"
299970,Project Motor Racing,"Nov 25, 2025",2025-11-25,USD,3999,3999,0,$39.99,Straight4 Studios,GIANTS Software,https://store.steampowered.com/app/299970/,"0 .. 20,000",0,0,0,0,0,,3999,3999,0,"Racing, Simulation",
300260,Planetoid Pioneers,"Feb 8, 2018",2018-02-08,USD,1999,1999,0,$19.99,Data Realms,Data Realms,https://store.steampowered.com/app/300260/,"20,000 .. 50,000",0,0,0,0,0,,1999,1999,0,"Action, Adventure, Indie, Racing","{""Adventure"": 37, ""Indie"": 35, ""Action"": 33, ""Racing"": 27, ""Physics"": 21, ""Gore"": 20, ""Violent"": 20, ""Moddable"": 19, ""Programming"": 10, ""2D"": 8}"
300380,Road Redemption,"Oct 4, 2017",2017-10-04,USD,1999,1999,0,$19.99,Redemption Road; Pixel Dash Studios,Tripwire Presents,https://store.steampowered.com/app/300380/,"1,000,000 .. 2,000,000",21,0,0,0,0,,1999,1999,0,"Action, Adventure, Indie, Racing, Simulation","{""Vehicular Combat"": 497, ""Racing"": 445, ""Beat 'em up"": 387, ""Action"": 367, ""Motorbike"": 318, ""Violent"": 268, ""Multiplayer"": 263, ""Controller"": 257, ""Indie"": 256, ""Local Co-Op"": 254, ""Gore"": 242, ""PvP"": 239, ""Arcade"": 237, ""4 Player Local"": 234, ""Co-op"": 234, ""Combat Racing"": 232, ""Singleplayer"": 229, ""Local Multiplayer"": 228, ""Third Person"": 219, ""Funny"": 212}"
300630,Pure Chess Grandmaster Edition,"Sep 9, 2016",2016-09-09,USD,1599,1599,0,$15.99,Ripstone,Ripstone,https://store.steampowered.com/app/300630/,"20,000 .. 50,000",2,0,0,0,0,,1599,1599,0,"Casual, Indie, Simulation, Sports, Strategy","{""Chess"": 190, ""Strategy"": 182, ""Simulation"": 178, ""Realistic"": 175, ""Singleplayer"": 170, ""Multiplayer"": 161, ""Casual"": 157, ""Family Friendly"": 155, ""Immersive Sim"": 150, ""Education"": 143, ""Indie"": 133, ""Tabletop"": 131, ""Board Game"": 129, ""Sports"": 129, ""Puzzle"": 125, ""3D"": 117, ""Turn-Based Strategy"": 111, ""Turn-Based Tactics"": 105, ""Artificial Intelligence"": 99, ""Atmospheric"": 96}"
301280,Skin Deep,"Apr 30, 2025",2025-04-30,USD,1999,1999,0,$19.99,Blendo Games,Annapurna Interactive,https://store.steampowered.com/app/301280/,"20,000 .. 50,000",31,0,0,0,0,,1999,1999,0,"Action, Indie, Simulation","{""Immersive Sim"": 161, ""FPS"": 161, ""Stealth"": 155, ""Sci-fi"": 146, ""Sandbox"": 137, ""Exploration"": 126, ""Shooter"": 121, ""First-Person"": 118, ""Action"": 113, ""Space"": 112, ""Tactical"": 95, ""Atmospheric"": 90, ""Futuristic"": 86, ""Singleplayer"": 83, ""Immersive"": 65, ""Indie"": 58, ""Violent"": 50, ""Adventure"": 33, ""Old School"": 28, ""Survival"": 26}"
301840,City of Brass,"May 4, 2018",2018-05-04,USD,199,1999,90,$1.99,Uppercut Games Pty Ltd,Uppercut Games Pty Ltd,https://store.steampowered.com/app/301840/,"20,000 .. 50,000",0,0,0,0,0,,199,1999,90,"Action, Indie","{""Action Roguelike"": 150, ""Swordplay"": 144, ""Rogue-like"": 142, ""First-Person"": 140, ""Singleplayer"": 134, ""Perma Death"": 126, ""Action"": 125, ""Procedural Generation"": 121, ""Difficult"": 117, ""FPS"": 116, ""3D"": 112, ""Adventure"": 101, ""Dungeon Crawler"": 96, ""Fantasy"": 85, ""Atmospheric"": 78, ""Character Action Game"": 74, ""Indie"": 69, ""Rogue-lite"": 63, ""Action-Adventure"": 33, ""Early Access"": 30}"
301930,War of the Human Tanks - Limited Operations,"Jun 13, 2016",2016-06-13,USD,999,999,0,$9.99,Yakiniku Banzai,Fruitbat Factory,https://store.steampowered.com/app/301930/,"0 .. 20,000",0,0,0,0,0,,999,999,0,"Adventure, Indie, Strategy","{""Adventure"": 379, ""Wargame"": 375, ""War"": 307, ""Strategy"": 303, ""Tanks"": 298, ""Anime"": 296, ""Comedy"": 289, ""Turn-Based Tactics"": 283, ""Hex Grid"": 279, ""Visual Novel"": 277, ""Cute"": 276, ""Dystopian "": 274, ""Military"": 271, ""Alternate History"": 270, ""Transhumanism"": 268, ""Indie"": 266, ""Sequel"": 264, ""Sci-fi"": 262, ""Singleplayer"": 260, ""2D"": 258}"
302670,Call to Arms,"Apr 27, 2018",2018-04-27,USD,1499,1499,0,$14.99,Digitalmindsoft,Digitalmindsoft,https://store.steampowered.com/app/302670/,"1,000,000 .. 2,000,000",117,0,0,0,0,,1499,1499,0,"Action, Indie, Simulation, Strategy","{""Strategy"": 649, ""Military"": 402, ""Action"": 357, ""RTS"": 350, ""Multiplayer"": 347, ""War"": 288, ""Shooter"": 265, ""Tactical"": 253, ""Simulation"": 233, ""First-Person"": 227, ""Real-Time"": 218, ""Singleplayer"": 202, ""FPS"": 199, ""Modern"": 167, ""Realistic"": 144, ""Co-op"": 142, ""Sandbox"": 120, ""Third Person"": 114, ""Indie"": 90, ""Early Access"": 61}"
302810,Divinia Chronicles: Relics of Gan-Ti,"Sep 18, 2022",2022-09-18,USD,1999,1999,0,$19.99,Team Monkey,Team Monkey,https://store.steampowered.com/app/302810/,"0 .. 20,000",0,0,0,0,0,,1999,1999,0,"Action, Adventure, Indie, RPG","{""Indie"": 120, ""Action RPG"": 114, ""Souls-like"": 110, ""Retro"": 106, ""Soundtrack"": 101, ""Third Person"": 91, ""Singleplayer"": 86, ""Open World"": 84, ""Exploration"": 82, ""Fantasy"": 79, ""Story Rich"": 73, ""Adventure"": 64, ""RPG"": 62, ""Action"": 50, ""Early Access"": 27, ""Hack and Slash"": 27}"
303310,The House in Fata Morgana,"May 13, 2016",2016-05-13,USD,2499,2499,0,$24.99,NOVECT,MangaGamer,https://store.steampowered.com/app/303310/,"100,000 .. 200,000",36,0,0,0,0,,2499,2499,0,Adventure,"{""Visual Novel"": 276, ""Story Rich"": 254, ""Gothic"": 244, ""Mystery"": 236, ""Romance"": 229, ""Psychological Horror"": 228, ""Atmospheric"": 225, ""Horror"": 219, ""Dark"": 216, ""Anime"": 212, ""Philosophical"": 208, ""Adventure"": 207, ""LGBTQ+"": 205, ""Singleplayer"": 204, ""Indie"": 204, ""Great Soundtrack"": 198, ""Multiple Endings"": 195, ""2D"": 191, ""Choices Matter"": 188, ""Choose Your Own Adventure"": 184}"
303610,Suicide Guy,"Jul 14, 2017",2017-07-14,USD,599,599,0,$5.99,Fabio Ferrara,Chubby Pixel,https://store.steampowered.com/app/303610/,"500,000 .. 1,000,000",7,0,0,0,0,,599,599,0,Action,"{""Funny"": 161, ""Action"": 156, ""Comedy"": 133, ""Singleplayer"": 131, ""Puzzle"": 129, ""Adventure"": 113, ""Physics"": 76, ""Indie"": 68, ""Platformer"": 60, ""3D Platformer"": 60, ""First-Person"": 58, ""Dark Humor"": 55, ""Female Protagonist"": 54, ""Puzzle-Platformer"": 53, ""FPS"": 49, ""Atmospheric"": 48, ""Sci-fi"": 48, ""Classic"": 48, ""Story Rich"": 47, ""Science"": 47}"
303720,#KILLALLZOMBIES,"Aug 10, 2016",2016-08-10,USD,999,999,0,$9.99,Fortell Games,Fortell Games,https://store.steampowered.com/app/303720/,"50,000 .. 100,000",1,0,0,0,0,,999,999,0,"Action, Indie","{""Action"": 137, ""Indie"": 130, ""Twin Stick Shooter"": 128, ""Zombies"": 125, ""Co-op"": 122, ""Shooter"": 115, ""Shoot 'Em Up"": 112, ""Top-Down Shooter"": 109, ""Bullet Hell"": 105, ""Third Person"": 102, ""Hex Grid"": 99, ""Local Co-Op"": 94, ""Action Roguelike"": 90, ""Arcade"": 86, ""Arena Shooter"": 79, ""Top-Down"": 76, ""3D"": 74, ""Choices Matter"": 71, ""Female Protagonist"": 62, ""PvE"": 61}"
304390,FOR HONOR™,"Feb 13, 2017",2017-02-13,USD,2999,2999,0,$29.99,Ubisoft Montreal; Ubisoft Quebec; Ubisoft Toronto; Blue Byte,Ubisoft,https://store.steampowered.com/app/304390/,"5,000,000 .. 10,000,000",2146,0,0,0,0,,2999,2999,0,Action,"{""Medieval"": 4066, ""Swordplay"": 1258, ""Action"": 1209, ""Multiplayer"": 1143, ""Fighting"": 1066, ""PvP"": 1049, ""Third Person"": 926, ""War"": 813, ""Gore"": 702, ""Co-op"": 693, ""Singleplayer"": 653, ""Online Co-Op"": 618, ""Hack and Slash"": 526, ""Realistic"": 488, ""Strategy"": 443, ""Atmospheric"": 399, ""RPG"": 338, ""Fantasy"": 329, ""MOBA"": 294, ""Story Rich"": 292}"
304430,INSIDE,"Jul 7, 2016",2016-07-07,USD,2499,2499,0,$24.99,Playdead,Playdead,https://store.steampowered.com/app/304430/,"2,000,000 .. 5,000,000",129,0,0,0,0,,2499,2499,0,"Action, Adventure, Indie","{""2.5D"": 1232, ""Puzzle-Platformer"": 1135, ""Atmospheric"": 1131, ""Dark"": 1110, ""Story Rich"": 1094, ""Indie"": 1087, ""Horror"": 1087, ""Cinematic"": 1083, ""Singleplayer"": 1079, ""Adventure"": 1067, ""Multiple Endings"": 1045, ""2D Platformer"": 1036, ""Puzzle"": 1032, ""Ambient"": 1029, ""Platformer"": 1028, ""Minimalist"": 1027, ""Action-Adventure"": 1023, ""Narrative"": 1023, ""Controller"": 1020, ""Action"": 1007}"
304530,Agents of Mayhem,"Aug 15, 2017",2017-08-15,USD,2999,2999,0,$29.99,Deep Silver Volition,Deep Silver,https://store.steampowered.com/app/304530/,"500,000 .. 1,000,000",3,0,0,0,0,,2999,2999,0,Action,"{""Action"": 153, ""Open World"": 115, ""Third Person"": 88, ""Singleplayer"": 83, ""Comedy"": 70, ""Funny"": 61, ""Third-Person Shooter"": 60, ""Shooter"": 57, ""Sexual Content"": 45, ""Adventure"": 42, ""Superhero"": 37, ""Violent"": 34, ""Female Protagonist"": 34, ""Sci-fi"": 28, ""Memes"": 23, ""Sandbox"": 22, ""Cyberpunk"": 15, ""Atmospheric"": 15, ""Multiplayer"": 9, ""Psychological Horror"": 7}"
304870,Stones of Harlath,"Aug 19, 2021",2021-08-19,USD,999,999,0,$9.99,Garage Collective LLC,Garage Collective LLC,https://store.steampowered.com/app/304870/,"20,000 .. 50,000",0,0,0,0,0,,999,999,0,"Action, Adventure, Casual, Indie, RPG","{""Action"": 318, ""RPG"": 309, ""Action RPG"": 285, ""Action-Adventure"": 280, ""Exploration"": 275, ""Fighting"": 264, ""Dungeon Crawler"": 258, ""Mystery Dungeon"": 249, ""2D"": 240, ""3D"": 231, ""Colorful"": 220, ""First-Person"": 210, ""Pixel Graphics"": 196, ""VR"": 192, ""Stylized"": 183, ""Fantasy"": 166, ""Lovecraftian"": 148, ""Magic"": 130, ""Medieval"": 111, ""Retro"": 91}"
305620,The Long Dark,"Aug 1, 2017",2017-08-01,USD,1999,1999,0,$19.99,Hinterland Studio Inc.,Hinterland Studio Inc.,https://store.steampowered.com/app/305620/,"2,000,000 .. 5,000,000",2575,0,0,0,0,,1999,1999,0,"Adventure, Indie, Simulation, Strategy","{""Survival"": 4477, ""Open World Survival Craft"": 4281, ""Open World"": 2957, ""Exploration"": 2341, ""Atmospheric"": 2175, ""Singleplayer"": 2070, ""First-Person"": 1949, ""Adventure"": 1757, ""Crafting"": 1551, ""Sandbox"": 1341, ""Simulation"": 1130, ""Post-apocalyptic"": 1079, ""Indie"": 911, ""Walking Simulator"": 808, ""Survival Horror"": 646, ""Strategy"": 575, ""Difficult"": 548, ""Co-op"": 528, ""Action"": 474, ""Early Access"": 373}"
305700,Infinite Scuba®,"Jan 12, 2017",2017-01-12,USD,1299,1299,0,$12.99,Cascade Game Foundry SPC,Cascade Game Foundry SPC,https://store.steampowered.com/app/305700/,"0 .. 20,000",0,0,0,0,0,,1299,1299,0,"Casual, Indie, Simulation, Early Access","{""Simulation"": 35, ""Indie"": 33, ""Casual"": 32, ""Early Access"": 22, ""Exploration"": 14, ""Underwater"": 7}"
305720,Heroes of Issachar,"Nov 3, 2016",2016-11-03,USD,1999,1999,0,$19.99,Blue Mana,Blue Mana,https://store.steampowered.com/app/305720/,"0 .. 20,000",0,0,0,0,0,,1999,1999,0,"Action, Adventure, Indie, RPG, Simulation, Strategy, Early Access","{""Action"": 28, ""Adventure"": 23, ""Indie"": 23, ""Simulation"": 23, ""Strategy"": 22, ""RPG"": 21, ""Early Access"": 21}"
305760,Redirection,"Oct 24, 2016",2016-10-24,USD,399,399,0,$3.99,Daniel Ratcliffe,Daniel Ratcliffe,https://store.steampowered.com/app/305760/,"0 .. 20,000",0,0,0,0,0,,399,399,0,"Casual, Indie","{""Indie"": 34, ""Casual"": 24, ""Puzzle"": 20, ""Space"": 17, ""Robots"": 15, ""Sci-fi"": 14, ""Cute"": 12, ""Great Soundtrack"": 8}"
305940,Project AURA,"Apr 17, 2018",2018-04-17,USD,1499,1499,0,$14.99,Nexcentric Games,Nexcentric Games,https://store.steampowered.com/app/305940/,"20,000 .. 50,000",1,0,0,0,0,,1499,1499,0,"Indie, Simulation, Strategy","{""Strategy"": 96, ""Simulation"": 92, ""City Builder"": 80, ""Indie"": 75, ""Management"": 67, ""Sci-fi"": 65, ""Resource Management"": 65, ""Building"": 53, ""Economy"": 52, ""Singleplayer"": 48, ""Sandbox"": 47, ""Atmospheric"": 40, ""Realistic"": 39, ""Open World"": 38, ""Trading"": 38, ""Relaxing"": 37, ""Difficult"": 36, ""Early Access"": 36, ""Base-Building"": 34, ""Casual"": 29}"
306000,Super Dungeon Bros,"Nov 1, 2016",2016-11-01,USD,1999,1999,0,$19.99,React Games,Wired Productions,https://store.steampowered.com/app/306000/,"20,000 .. 50,000",0,0,0,0,0,,1999,1999,0,"Action, Adventure, Casual, Indie","{""Action"": 26, ""Adventure"": 26, ""Indie"": 24, ""Casual"": 24, ""Online Co-Op"": 18, ""Local Co-Op"": 17, ""Hack and Slash"": 13, ""Rogue-like"": 12}"
306760,Obduction,"Aug 24, 2016",2016-08-24,USD,2999,2999,0,$29.99,"Cyan, Inc.","Cyan, Inc.",https://store.steampowered.com/app/306760/,"200,000 .. 500,000",5,0,0,0,0,,2999,2999,0,"Adventure, Indie","{""Adventure"": 221, ""Puzzle"": 163, ""Exploration"": 145, ""Indie"": 124, ""First-Person"": 113, ""Mystery"": 112, ""Surreal"": 90, ""VR"": 89, ""Walking Simulator"": 88, ""Atmospheric"": 65, ""Story Rich"": 62, ""Open World"": 53, ""Point & Click"": 45, ""Singleplayer"": 45, ""Nonlinear"": 44, ""Casual"": 42, ""Sci-fi"": 27, ""Choices Matter"": 26, ""FMV"": 15, ""Survival"": 10}"
307110,We Need To Go Deeper,"Aug 1, 2019",2019-08-01,USD,1599,1599,0,$15.99,Deli Interactive LLC,Deli Interactive LLC,https://store.steampowered.com/app/307110/,"500,000 .. 1,000,000",14,0,0,0,0,,1599,1599,0,"Action, Indie, Simulation","{""Co-op"": 208, ""2D"": 188, ""Lovecraftian"": 181, ""Rogue-lite"": 178, ""Multiplayer"": 175, ""Underwater"": 173, ""Hand-drawn"": 173, ""Submarine"": 168, ""Steampunk"": 163, ""Action"": 163, ""Simulation"": 159, ""Team-Based"": 158, ""PvE"": 157, ""Exploration"": 152, ""Rogue-like"": 143, ""Adventure"": 138, ""Online Co-Op"": 137, ""Loot"": 129, ""2D Platformer"": 129, ""Cartoon"": 126}"
307880,Savage Lands,"Dec 16, 2021",2021-12-16,USD,399,399,0,$3.99,Last Bastion Studios LLC,Last Bastion Studios LLC,https://store.steampowered.com/app/307880/,"200,000 .. 500,000",2,0,0,0,0,,399,399,0,"Action, Adventure, Indie, RPG, Simulation","{""Open World Survival Craft"": 384, ""Survival"": 345, ""Open World"": 279, ""Online Co-Op"": 255, ""Multiplayer"": 244, ""Crafting"": 233, ""Fantasy"": 231, ""Dragons"": 227, ""RPG"": 226, ""Action"": 225, ""Sandbox"": 222, ""Dark"": 221, ""Indie"": 218, ""Simulation"": 212, ""First-Person"": 209, ""Singleplayer"": 207, ""Atmospheric"": 203, ""PvE"": 200, ""FPS"": 192, ""Adventure"": 188}"
307940,Radiation Island,"Nov 29, 2016",2016-11-29,USD,999,999,0,$9.99,Atypical Games,Atypical Games,https://store.steampowered.com/app/307940/,"20,000 .. 50,000",3,0,0,0,0,,999,999,0,"Action, Adventure, Indie","{""Survival"": 44, ""Open World Survival Craft"": 41, ""Adventure"": 40, ""Action"": 34, ""Indie"": 32, ""Zombies"": 27, ""Open World"": 22, ""Singleplayer"": 17, ""Crafting"": 15, ""Multiplayer"": 13, ""Horror"": 11}"
308060,Black The Fall,"Jul 11, 2017",2017-07-11,USD,1499,1499,0,$14.99,Sand Sailor Studio,Square Enix,https://store.steampowered.com/app/308060/,"200,000 .. 500,000",1,0,0,0,0,,1499,1499,0,"Action, Adventure, Indie","{""Indie"": 79, ""Adventure"": 77, ""Action"": 72, ""Atmospheric"": 60, ""Platformer"": 59, ""Puzzle-Platformer"": 58, ""Puzzle"": 58, ""Dystopian "": 57, ""Story Rich"": 51, ""Dark"": 51, ""2.5D"": 51, ""Singleplayer"": 50, ""Political"": 49, ""Horror"": 48, ""Stealth"": 47, ""Side Scroller"": 46, ""Sci-fi"": 46, ""Cinematic"": 44, ""Survival"": 43, ""Classic"": 39}"
308080,Wing Breakers,"Mar 11, 2022",2022-03-11,USD,2499,2499,0,$24.99,Gugila,Gugila,https://store.steampowered.com/app/308080/,"0 .. 20,000",0,0,0,0,0,,2499,2499,0,"Action, Racing, Simulation, Sports","{""Combat Racing"": 148, ""Racing"": 141, ""Sports"": 136, ""Flight"": 134, ""Action"": 60, ""Simulation"": 57, ""Multiplayer"": 45, ""Arcade"": 42, ""Singleplayer"": 38, ""Online Co-Op"": 35, ""Controller"": 35, ""Funny"": 34, ""Co-op"": 33, ""Atmospheric"": 33, ""Destruction"": 33, ""Split Screen"": 32, ""Physics"": 31, ""e-sports"": 31, ""Indie"": 22, ""3D"": 21}"
308400,Cube Samurai: RUN!,"Jun 15, 2016",2016-06-15,USD,499,499,0,$4.99,Red Meat Games,Red Meat Games,https://store.steampowered.com/app/308400/,"0 .. 20,000",0,0,0,0,0,,499,499,0,"Action, Casual","{""Runner"": 100, ""Action"": 94, ""Casual"": 91, ""Platformer"": 88, ""Family Friendly"": 85, ""Hack and Slash"": 79, ""Side Scroller"": 77, ""2D Platformer"": 72, ""2D"": 69, ""Pixel Graphics"": 61, ""Colorful"": 52, ""Comic Book"": 50, ""Cute"": 48, ""Loot"": 46, ""Retro"": 34, ""Fantasy"": 32, ""Funny"": 30, ""Futuristic"": 28, ""Procedural Generation"": 26, ""Singleplayer"": 24}"
311010,The Way,"May 20, 2016",2016-05-20,USD,1499,1499,0,$14.99,Puzzling Dream,PlayWay S.A.; Ultimate Games S.A.,https://store.steampowered.com/app/311010/,"100,000 .. 200,000",0,0,0,0,0,,1499,1499,0,"Action, Adventure, Indie","{""Adventure"": 74, ""Indie"": 58, ""Action"": 57, ""Pixel Graphics"": 50, ""Platformer"": 42, ""Puzzle-Platformer"": 41, ""2D"": 31, ""Sci-fi"": 31, ""Retro"": 30, ""Singleplayer"": 22, ""Side Scroller"": 19, ""Atmospheric"": 19, ""Puzzle"": 18, ""Story Rich"": 15, ""Difficult"": 10, ""Family Friendly"": 9, ""Relaxing"": 7, ""Great Soundtrack"": 5}"
311240,Zero Escape: Zero Time Dilemma,"Jun 29, 2016",2016-06-29,USD,399,1999,80,$3.99,"Spike Chunsoft Co., Ltd.","Spike Chunsoft Co., Ltd.",https://store.steampowered.com/app/311240/,"1,000,000 .. 2,000,000",21,0,0,0,0,,399,1999,80,Adventure,"{""Puzzle"": 176, ""Visual Novel"": 165, ""Story Rich"": 150, ""Psychological Horror"": 144, ""Mystery"": 137, ""Choices Matter"": 129, ""Adventure"": 106, ""Anime"": 99, ""Sci-fi"": 86, ""Singleplayer"": 75, ""Horror"": 74, ""Great Soundtrack"": 64, ""Multiple Endings"": 58, ""Mature"": 51, ""Gore"": 40, ""Thriller"": 33, ""Escape Room"": 31, ""Atmospheric"": 28, ""Point & Click"": 24, ""Dark"": 22}"
311260,The Guild 3,"Jun 14, 2022",2022-06-14,USD,2999,2999,0,$29.99,Purple Lamp; GolemLabs,THQ Nordic,https://store.steampowered.com/app/311260/,"500,000 .. 1,000,000",58,0,0,0,0,,2999,2999,0,"RPG, Simulation, Strategy","{""Economy"": 271, ""Life Sim"": 268, ""Medieval"": 257, ""Simulation"": 246, ""Strategy"": 221, ""RPG"": 194, ""Multiplayer"": 136, ""Open World"": 130, ""Sandbox"": 116, ""Building"": 111, ""Singleplayer"": 106, ""Politics"": 101, ""Survival"": 74, ""Management"": 72, ""Trading"": 67, ""Resource Management"": 61, ""Historical"": 47, ""RTS"": 31, ""Early Access"": 31, ""Adventure"": 23}"
311290,SpellForce 3 Reforced,"Dec 7, 2017",2017-12-07,USD,799,3999,80,$7.99,Grimlore Games,THQ Nordic,https://store.steampowered.com/app/311290/,"500,000 .. 1,000,000",12,0,0,0,0,,3999,3999,0,"RPG, Strategy","{""RPG"": 214, ""Strategy"": 161, ""RTS"": 143, ""Fantasy"": 125, ""Singleplayer"": 107, ""Multiplayer"": 100, ""Open World"": 68, ""Co-op"": 67, ""Atmospheric"": 61, ""Great Soundtrack"": 52, ""Character Customization"": 45, ""Adventure"": 42, ""Story Rich"": 31, ""Isometric"": 29, ""Building"": 27, ""Nudity"": 26, ""Base-Building"": 25, ""CRPG"": 23, ""Action"": 17, ""Dwarf"": 11}"
311940,P-3 Biotic,"May 10, 2016",2016-05-10,USD,399,399,0,$3.99,BatCat Games,BatCat Games,https://store.steampowered.com/app/311940/,"0 .. 20,000",0,0,0,0,0,,399,399,0,"Action, Indie","{""Action"": 22, ""Indie"": 21, ""Twin Stick Shooter"": 12}"
312200,Chasm,"Jul 30, 2018",2018-07-30,USD,1999,1999,0,$19.99,"Bit Kid, Inc.","Bit Kid, Inc.",https://store.steampowered.com/app/312200/,"200,000 .. 500,000",8,0,0,0,0,,1999,1999,0,"Action, Adventure, Indie, RPG","{""Metroidvania"": 98, ""Indie"": 78, ""Pixel Graphics"": 78, ""Adventure"": 69, ""Action"": 66, ""RPG"": 64, ""Platformer"": 53, ""2D"": 44, ""Procedural Generation"": 43, ""Side Scroller"": 35, ""Singleplayer"": 23, ""Rogue-like"": 12, ""Retro"": 11, ""Fantasy"": 10, ""Action RPG"": 10, ""Kickstarter"": 5}"
312310,Ensign-1,"Apr 23, 2018",2018-04-23,USD,199,199,0,$1.99,Only Human Studios,Only Human Studios,https://store.steampowered.com/app/312310/,"0 .. 20,000",0,0,0,0,0,,199,199,0,"Action, Indie, Simulation","{""Action"": 22, ""Indie"": 22, ""Simulation"": 22}"
312520,Rain World,"Mar 28, 2017",2017-03-28,USD,2499,2499,0,$24.99,Videocult,Akupara Games,https://store.steampowered.com/app/312520/,"1,000,000 .. 2,000,000",836,0,0,0,0,,2499,2499,0,"Action, Adventure, Indie","{""Difficult"": 1063, ""Atmospheric"": 975, ""Survival"": 952, ""Exploration"": 835, ""Indie"": 822, ""Pixel Graphics"": 796, ""Platformer"": 781, ""2D"": 719, ""Post-apocalyptic"": 622, ""Open World"": 619, ""Adventure"": 612, ""2D Platformer"": 580, ""Cute"": 549, ""Survival Horror"": 524, ""Metroidvania"": 483, ""Physics"": 467, ""Singleplayer"": 458, ""Simulation"": 440, ""Souls-like"": 418, ""Action"": 395}"
312560,Xanadu Next,"Nov 3, 2016",2016-11-03,USD,1499,1499,0,$14.99,Nihon Falcom,"XSEED Games; Marvelous USA, Inc.",https://store.steampowered.com/app/312560/,"50,000 .. 100,000",3,0,0,0,0,,1499,1499,0,"Action, RPG","{""RPG"": 59, ""Action"": 50, ""Action RPG"": 35, ""Great Soundtrack"": 30, ""JRPG"": 24, ""Dungeon Crawler"": 23, ""Atmospheric"": 15, ""Singleplayer"": 15, ""Isometric"": 15, ""Anime"": 13, ""Adventure"": 6, ""Fantasy"": 6, ""Souls-like"": 6, ""Metroidvania"": 5}"
312650,Battlezone Gold Edition,"May 11, 2017",2017-05-11,USD,3499,3499,0,$34.99,Rebellion,Rebellion,https://store.steampowered.com/app/312650/,"20,000 .. 50,000",1,0,0,0,0,,3499,3499,0,Action,"{""Action"": 57, ""VR"": 38, ""Tanks"": 28, ""Shooter"": 18, ""Multiplayer"": 18, ""Singleplayer"": 16, ""FPS"": 6, ""Rogue-like"": 6, ""Co-op"": 5}"
312660,Sniper Elite 4,"Feb 13, 2017",2017-02-13,USD,5999,5999,0,$59.99,Rebellion,Rebellion,https://store.steampowered.com/app/312660/,"2,000,000 .. 5,000,000",541,0,0,0,0,,5999,5999,0,"Action, Adventure","{""Sniper"": 863, ""Action"": 781, ""Multiplayer"": 774, ""Shooter"": 725, ""War"": 670, ""Stealth"": 631, ""World War II"": 630, ""Co-op"": 625, ""Singleplayer"": 475, ""Third Person"": 457, ""Open World"": 377, ""Violent"": 333, ""Third-Person Shooter"": 316, ""Gore"": 294, ""FPS"": 273, ""Adventure"": 252, ""Tactical"": 248, ""Mature"": 202, ""Strategy"": 202, ""First-Person"": 199}"
312670,Strange Brigade,"Aug 27, 2018",2018-08-27,USD,4999,4999,0,$49.99,Rebellion,Rebellion,https://store.steampowered.com/app/312670/,"500,000 .. 1,000,000",18,0,0,0,0,,4999,4999,0,"Action, Adventure","{""Action"": 128, ""Adventure"": 127, ""Co-op"": 111, ""Zombies"": 95, ""Multiplayer"": 92, ""Third Person"": 89, ""Shooter"": 88, ""Online Co-Op"": 86, ""Singleplayer"": 75, ""Violent"": 60, ""Third-Person Shooter"": 54, ""PvE"": 53, ""Puzzle"": 50, ""Horror"": 34, ""Open World"": 33, ""Funny"": 32, ""Comedy"": 27, ""Survival"": 19, ""Co-op Campaign"": 15, ""Mythology"": 8}"
313120,Stranded Deep,"Aug 10, 2022",2022-08-10,USD,1999,1999,0,$19.99,Beam Team Games,Beam Team Publishing,https://store.steampowered.com/app/313120/,"1,000,000 .. 2,000,000",256,0,0,0,0,,1999,1999,0,"Adventure, Indie","{""Open World Survival Craft"": 3091, ""Survival"": 2935, ""Multiplayer"": 2512, ""Open World"": 2001, ""Crafting"": 1870, ""First-Person"": 1308, ""Adventure"": 1285, ""Exploration"": 1221, ""Realistic"": 1133, ""Singleplayer"": 1131, ""Building"": 1113, ""Co-op"": 944, ""Sandbox"": 868, ""Simulation"": 738, ""Underwater"": 665, ""Early Access"": 663, ""Action"": 533, ""Atmospheric"": 493, ""Indie"": 423, ""Strategy"": 408}"
313390,Vertical Strike Endless Challenge,"Apr 28, 2017",2017-04-28,USD,499,499,0,$4.99,Project ICKX,PLAYISM,https://store.steampowered.com/app/313390/,"0 .. 20,000",2,0,0,0,0,,499,499,0,"Action, Indie, Simulation","{""Flight"": 230, ""Shoot 'Em Up"": 219, ""Wargame"": 215, ""Military"": 213, ""War"": 209, ""Competitive"": 203, ""Shooter"": 200, ""Arcade"": 198, ""Automobile Sim"": 196, ""Strategy"": 193, ""First-Person"": 190, ""3D"": 188, ""Funny"": 180, ""Controller"": 175, ""Vehicular Combat"": 170, ""Action"": 158, ""Casual"": 146, ""Simulation"": 143, ""Realistic"": 130, ""Score Attack"": 112}"
313630,The Solus Project,"Jun 7, 2016",2016-06-07,USD,1999,1999,0,$19.99,Hourences; Grip Games,Teotl Studios,https://store.steampowered.com/app/313630/,"200,000 .. 500,000",2,0,0,0,0,,1999,1999,0,"Adventure, Indie, Simulation","{""Survival"": 162, ""Adventure"": 120, ""Exploration"": 118, ""Sci-fi"": 105, ""VR"": 92, ""Survival Horror"": 92, ""Singleplayer"": 88, ""First-Person"": 81, ""Atmospheric"": 71, ""Space"": 67, ""Horror"": 61, ""Story Rich"": 59, ""Simulation"": 55, ""Walking Simulator"": 53, ""Indie"": 52, ""Open World"": 48, ""Mystery"": 35, ""Crafting"": 34, ""Psychological Horror"": 30, ""Sandbox"": 12}"
313700,Burger Patrol,"Feb 15, 2022",2022-02-15,USD,299,299,0,$2.99,Vagabond Dog,Vagabond Dog,https://store.steampowered.com/app/313700/,"0 .. 20,000",2,0,0,0,0,,299,299,0,"Casual, Indie","{""Casual"": 79, ""Indie"": 64, ""Match 3"": 41, ""Pixel Graphics"": 41, ""Puzzle"": 37, ""Arcade"": 31, ""2D"": 29, ""Dog"": 26, ""Sci-fi"": 25, ""Space"": 22, ""Score Attack"": 20, ""Singleplayer"": 18}"
313780,Conarium,"Jun 6, 2017",2017-06-06,USD,1999,1999,0,$19.99,Stormling Studios,Iceberg Interactive,https://store.steampowered.com/app/313780/,"50,000 .. 100,000",1,0,0,0,0,,1999,1999,0,"Adventure, Indie","{""Adventure"": 77, ""Lovecraftian"": 76, ""Horror"": 56, ""Indie"": 52, ""Walking Simulator"": 47, ""First-Person"": 43, ""Psychological Horror"": 40, ""Atmospheric"": 32, ""Story Rich"": 25, ""Puzzle"": 22, ""Great Soundtrack"": 15, ""Sci-fi"": 12, ""Singleplayer"": 12}"
314330,DROD: Gunthro and the Epic Blunder,"Sep 23, 2016",2016-09-23,USD,999,999,0,$9.99,Caravel Games,Caravel Games,https://store.steampowered.com/app/314330/,"20,000 .. 50,000",2,0,0,0,0,,999,999,0,"Adventure, Indie, Strategy","{""Indie"": 186, ""Puzzle"": 180, ""Turn-Based"": 178, ""Adventure"": 174, ""Strategy"": 171, ""Level Editor"": 166, ""2D"": 160, ""Pixel Graphics"": 154, ""Grid-Based Movement"": 152, ""Singleplayer"": 141, ""Difficult"": 136, ""RPG"": 132, ""Dungeon Crawler"": 127, ""Exploration"": 117, ""Turn-Based Tactics"": 109, ""Third Person"": 101, ""Cartoony"": 89, ""Colorful"": 86, ""Funny"": 81, ""Retro"": 61}"
314350,Abatron,"Mar 10, 2017",2017-03-10,USD,1999,1999,0,$19.99,W3 Studios,W3 Studios,https://store.steampowered.com/app/314350/,"0 .. 20,000",0,0,0,0,0,,1999,1999,0,"Action, Indie, Strategy, Early Access","{""Strategy"": 27, ""Action"": 26, ""Indie"": 22, ""Early Access"": 22, ""Shooter"": 12, ""RTS"": 8}"
314450,Star Saviors,"May 6, 2016",2016-05-06,USD,199,199,0,$1.99,Sharpened Edge Studios,,https://store.steampowered.com/app/314450/,"200,000 .. 500,000",0,0,0,0,0,,199,199,0,"Action, Indie, Strategy","{""Shoot 'Em Up"": 74, ""Bullet Hell"": 53, ""Action"": 47, ""Indie"": 46, ""Space"": 29, ""Great Soundtrack"": 27, ""Arcade"": 21, ""Strategy"": 18, ""2D"": 18, ""Singleplayer"": 17, ""Sci-fi"": 16, ""Difficult"": 14, ""Shooter"": 14, ""Retro"": 7, ""Anime"": 6, ""Local Co-Op"": 5, ""Sandbox"": 5, ""Atmospheric"": 5, ""Gore"": 5, ""Story Rich"": 5}"
314590,room13,"Jan 13, 2017",2017-01-13,USD,799,799,0,$7.99,The Paper Robot,Clickteam,https://store.steampowered.com/app/314590/,"50,000 .. 100,000",0,0,0,0,0,,799,799,0,"Action, Casual, Indie","{""Action"": 34, ""Indie"": 34, ""Casual"": 31, ""Zombies"": 17, ""Platformer"": 15, ""Arcade"": 13, ""2D"": 13, ""Gun Customization"": 12, ""Early Access"": 11, ""Singleplayer"": 11}"
314610,Vincere Totus Astrum,"Feb 20, 2017",2017-02-20,USD,399,399,0,$3.99,Gamesare,Clickteam,https://store.steampowered.com/app/314610/,"50,000 .. 100,000",0,0,0,0,0,,399,399,0,Strategy,"{""Strategy"": 21}"
314630,The Thin Silence,"Apr 27, 2018",2018-04-27,USD,999,999,0,$9.99,TwoPM Studios,Nkidu Games Inc.,https://store.steampowered.com/app/314630/,"0 .. 20,000",0,0,0,0,0,,999,999,0,"Adventure, Casual, Indie","{""Indie"": 42, ""Adventure"": 41, ""Casual"": 40, ""2D"": 21, ""Violent"": 21, ""Retro"": 21, ""Platformer"": 21, ""Puzzle"": 20, ""Story Rich"": 20, ""Great Soundtrack"": 20, ""Exploration"": 20, ""Pixel Graphics"": 20, ""Atmospheric"": 20, ""Singleplayer"": 20, ""Dark"": 20, ""Music"": 20, ""Puzzle-Platformer"": 20, ""Relaxing"": 19, ""Short"": 19, ""Beautiful"": 19}"
314650,SpaceEngine,"Jun 11, 2019",2019-06-11,USD,2999,2999,0,$29.99,Cosmographic Software,Cosmographic Software,https://store.steampowered.com/app/314650/,"500,000 .. 1,000,000",143,0,0,0,0,,2999,2999,0,"Casual, Indie, Simulation, Early Access","{""Early Access"": 654, ""Open World"": 594, ""Casual"": 558, ""Sci-fi"": 555, ""Sandbox"": 530, ""Space"": 472, ""Space Sim"": 415, ""Flight"": 415, ""3D"": 414, ""Science"": 395, ""Realistic"": 393, ""Colorful"": 386, ""Education"": 384, ""Simulation"": 381, ""Relaxing"": 374, ""Atmospheric"": 370, ""Futuristic"": 348, ""Indie"": 339, ""Singleplayer"": 333, ""Procedural Generation"": 327}"
314710,Mighty No. 9,"Jun 21, 2016",2016-06-21,USD,1999,1999,0,$19.99,Comcept; Inti Creates,Deep Silver,https://store.steampowered.com/app/314710/,"200,000 .. 500,000",0,0,0,0,0,,1999,1999,0,Action,"{""Platformer"": 124, ""Action"": 123, ""Anime"": 92, ""Kickstarter"": 91, ""Side Scroller"": 91, ""2.5D"": 81, ""Retro"": 49, ""Robots"": 41, ""Singleplayer"": 30, ""Multiplayer"": 28, ""Indie"": 27, ""Co-op"": 23, ""Difficult"": 22, ""Casual"": 21, ""Sci-fi"": 18, ""Comedy"": 13, ""2D"": 12, ""Great Soundtrack"": 11, ""Futuristic"": 6, ""Crowdfunded"": 6}"
314790,Silence,"Nov 15, 2016",2016-11-15,USD,1999,1999,0,$19.99,Daedalic Entertainment,Daedalic Entertainment,https://store.steampowered.com/app/314790/,"100,000 .. 200,000",5,0,0,0,0,,199,1999,90,"Adventure, Indie","{""Adventure"": 98, ""Point & Click"": 65, ""Story Rich"": 34, ""Great Soundtrack"": 21, ""Indie"": 16, ""Singleplayer"": 12, ""Puzzle"": 11, ""Female Protagonist"": 11, ""Exploration"": 10, ""Casual"": 7, ""2D"": 7, ""Retro"": 6, ""Short"": 6, ""Cult Classic"": 6}"
314950,Spectre,"Oct 3, 2016",2016-10-03,USD,499,499,0,$4.99,Proscenium,Proscenium,https://store.steampowered.com/app/314950/,"0 .. 20,000",0,0,0,0,0,,499,499,0,"Indie, Simulation, Strategy","{""Indie"": 21, ""Simulation"": 21, ""Strategy"": 20, ""Horror"": 15, ""VR"": 6}"
315070,Blob From Space,"Jul 4, 2020",2020-07-04,USD,199,199,0,$1.99,JosPlays,JosPlays,https://store.steampowered.com/app/315070/,"100,000 .. 200,000",0,0,0,0,0,,199,199,0,"Casual, Indie","{""Indie"": 25, ""Casual"": 25, ""Platformer"": 11, ""Early Access"": 5}"
315210,Suicide Squad: Kill the Justice League,"Feb 2, 2024",2024-02-02,USD,6999,6999,0,$69.99,Rocksteady Studios,Warner Bros. Games,https://store.steampowered.com/app/315210/,"500,000 .. 1,000,000",159,0,0,0,0,,6999,6999,0,Action,"{""Capitalism"": 188, ""Online Co-Op"": 143, ""Superhero"": 136, ""Looter Shooter"": 119, ""Third-Person Shooter"": 114, ""LGBTQ+"": 113, ""Action"": 111, ""Multiplayer"": 99, ""Open World"": 95, ""PvE"": 87, ""Villain Protagonist"": 86, ""Third Person"": 78, ""Shooter"": 73, ""Psychological Horror"": 69, ""Political"": 62, ""Singleplayer"": 56, ""Violent"": 53, ""Comic Book"": 44, ""Politics"": 42, ""Casual"": 34}"
315430,Polarity,"Jul 15, 2016",2016-07-15,USD,1299,1299,0,$12.99,Bluebutton Games,Bluebutton Games,https://store.steampowered.com/app/315430/,"500,000 .. 1,000,000",0,0,0,0,0,,1299,1299,0,"Action, Adventure, Indie, Strategy","{""Puzzle"": 115, ""First-Person"": 71, ""Indie"": 68, ""Local Co-Op"": 63, ""Adventure"": 45, ""Singleplayer"": 44, ""Action"": 38, ""Strategy"": 38, ""Platformer"": 20, ""Sci-fi"": 19, ""Co-op"": 17, ""Multiplayer"": 16, ""FPS"": 11, ""Great Soundtrack"": 9, ""Sandbox"": 9, ""Atmospheric"": 9, ""Retro"": 8, ""Space"": 7, ""Shooter"": 7, ""Difficult"": 6}"
315460,Dig or Die,"Jul 10, 2018",2018-07-10,USD,1199,1199,0,$11.99,Gaddy Games,Gaddy Games,https://store.steampowered.com/app/315460/,"200,000 .. 500,000",9,0,0,0,0,,1199,1199,0,"Action, Indie, RPG, Strategy","{""Survival"": 262, ""Open World Survival Craft"": 254, ""Sandbox"": 238, ""Crafting"": 210, ""2D"": 196, ""Open World"": 152, ""Strategy"": 124, ""Indie"": 124, ""Action"": 122, ""Multiplayer"": 121, ""Tower Defense"": 117, ""Building"": 111, ""Base-Building"": 106, ""Co-op"": 95, ""Physics"": 92, ""Pixel Graphics"": 82, ""RPG"": 79, ""Singleplayer"": 78, ""Adventure"": 73, ""Early Access"": 67}"
317370,The Keep,"Mar 16, 2017",2017-03-16,USD,1499,1499,0,$14.99,CINEMAX GAMES,CINEMAX GAMES,https://store.steampowered.com/app/317370/,"0 .. 20,000",0,0,0,0,0,,299,1499,80,"Indie, RPG","{""Dungeon Crawler"": 168, ""RPG"": 162, ""Fantasy"": 159, ""Real-Time"": 156, ""Grid-Based Movement"": 153, ""Indie"": 146, ""Exploration"": 144, ""First-Person"": 142, ""Singleplayer"": 140, ""Puzzle"": 138, ""Old School"": 135, ""Retro"": 128, ""Adventure"": 125, ""Action"": 115, ""Action-Adventure"": 111, ""Action RPG"": 107, ""3D"": 102, ""Stylized"": 97, ""Horror"": 93, ""Magic"": 77}"
318090,DICETINY: The Lord of the Dice,"Jul 21, 2016",2016-07-21,USD,99,99,0,$0.99,Fakedice,JnK,https://store.steampowered.com/app/318090/,"20,000 .. 50,000",0,0,0,0,0,,99,99,0,"Casual, Indie, Strategy","{""Indie"": 73, ""Strategy"": 72, ""Casual"": 60, ""Board Game"": 60, ""Turn-Based"": 56, ""Card Game"": 55, ""Turn-Based Strategy"": 55, ""Trading Card Game"": 47, ""Fantasy"": 42, ""Magic"": 42, ""RPG"": 41, ""Funny"": 41, ""Comedy"": 41, ""Parody "": 40, ""Early Access"": 39, ""Memes"": 8, ""Dice"": 7}"
318100,AXYOS,"Aug 1, 2018",2018-08-01,USD,499,499,0,$4.99,Axyos Games,Axyos Games,https://store.steampowered.com/app/318100/,"200,000 .. 500,000",0,0,0,0,0,,499,499,0,"Action, Casual, Indie, Massively Multiplayer, Strategy","{""Hero Shooter"": 189, ""FPS"": 185, ""Wargame"": 182, ""MOBA"": 179, ""Multiplayer"": 176, ""PvP"": 170, ""PvE"": 166, ""Shooter"": 162, ""Strategy"": 157, ""First-Person"": 152, ""3D"": 151, ""Open World"": 148, ""Action"": 145, ""Casual"": 139, ""Realistic"": 137, ""Military"": 134, ""Sniper"": 127, ""Survival"": 125, ""War"": 121, ""Modern"": 116}"
318840,Tempopo,"Apr 17, 2025",2025-04-17,USD,1999,1999,0,$19.99,Witch Beam,CULT Games,https://store.steampowered.com/app/318840/,"0 .. 20,000",0,0,0,0,0,,1999,1999,0,"Casual, Indie","{""Puzzle"": 328, ""Music"": 322, ""Creature Collector"": 319, ""Psychedelic"": 315, ""3D"": 310, ""Singleplayer"": 302, ""Colorful"": 300, ""Lemmings"": 298, ""Family Friendly"": 297, ""Magic"": 294, ""Cartoony"": 291, ""Cozy"": 290, ""Female Protagonist"": 285, ""Soundtrack"": 282, ""Relaxing"": 277, ""Indie"": 273, ""Cute"": 270, ""Casual"": 259, ""Grid-Based Movement"": 255, ""Nature"": 217}"
319540,A Year Of Rain,"Mar 13, 2020",2020-03-13,USD,1499,1499,0,$14.99,Daedalic Entertainment,Daedalic Entertainment,https://store.steampowered.com/app/319540/,"50,000 .. 100,000",0,0,0,0,0,,1499,1499,0,"Indie, RPG, Strategy","{""RTS"": 173, ""Base-Building"": 163, ""Co-op"": 155, ""PvP"": 155, ""Team-Based"": 153, ""Online Co-Op"": 152, ""Co-op Campaign"": 152, ""Competitive"": 152, ""Multiplayer"": 152, ""Classic"": 140, ""Strategy"": 109, ""Indie"": 106, ""RPG"": 93, ""e-sports"": 25, ""Real-Time"": 19, ""War"": 18, ""Tactical"": 17, ""Great Soundtrack"": 14, ""Magic"": 14, ""Replay Value"": 12}"
319760,Oh My Gore!,"Oct 20, 2016",2016-10-20,USD,199,199,0,$1.99,bumblebee.,Daedalic Entertainment,https://store.steampowered.com/app/319760/,"50,000 .. 100,000",0,0,0,0,0,,59,199,70,"Indie, Strategy","{""Gore"": 42, ""Indie"": 39, ""Strategy"": 36, ""Violent"": 21, ""Tower Defense"": 19, ""Fantasy"": 17, ""Villain Protagonist"": 17, ""Dark Humor"": 13, ""Story Rich"": 12, ""Comedy"": 11, ""Pixel Graphics"": 7}"
319870,Jenny LeClue - Detectivu,"Sep 19, 2019",2019-09-19,USD,1999,1999,0,$19.99,Mografi,Mografi,https://store.steampowered.com/app/319870/,"20,000 .. 50,000",2,0,0,0,0,,1999,1999,0,"Action, Adventure, Casual, Indie","{""Detective"": 598, ""Mystery"": 595, ""Female Protagonist"": 587, ""Atmospheric"": 578, ""Adventure"": 577, ""Puzzle"": 570, ""Colorful"": 569, ""2D"": 567, ""Story Rich"": 566, ""Indie"": 563, ""Casual"": 557, ""Exploration"": 554, ""Kickstarter"": 544, ""Cartoon"": 540, ""Cinematic"": 531, ""Crime"": 531, ""Drama"": 525, ""Emotional"": 523, ""Funny"": 517, ""Horror"": 504}"
320240,We Happy Few,"Aug 10, 2018",2018-08-10,USD,5999,5999,0,$59.99,Compulsion Games,Gearbox Publishing;  Xbox Game Studios,https://store.steampowered.com/app/320240/,"500,000 .. 1,000,000",57,0,0,0,0,,5999,5999,0,"Action, Adventure, Indie","{""Adventure"": 346, ""Open World"": 321, ""Action"": 302, ""Survival"": 298, ""Dystopian "": 286, ""First-Person"": 256, ""Indie"": 248, ""Psychological Horror"": 246, ""Horror"": 216, ""Singleplayer"": 213, ""Atmospheric"": 192, ""Stealth"": 185, ""Exploration"": 159, ""Dark"": 134, ""Crafting"": 130, ""Survival Horror"": 129, ""Mature"": 115, ""Procedural Generation"": 100, ""Story Rich"": 87, ""Early Access"": 65}"
320330,Earthworms,"Feb 23, 2018",2018-02-23,USD,599,599,0,$5.99,All Those Moments,Ultimate Games S.A.; Art Games Studio S.A.,https://store.steampowered.com/app/320330/,"100,000 .. 200,000",0,0,0,0,0,,599,599,0,"Adventure, Casual, Indie","{""Adventure"": 64, ""Indie"": 62, ""Casual"": 58, ""Point & Click"": 41, ""Singleplayer"": 40, ""Great Soundtrack"": 37, ""2D"": 37, ""Relaxing"": 32, ""Dark"": 30, ""Surreal"": 29, ""Hand-drawn"": 28, ""Funny"": 26, ""Dark Humor"": 25, ""Dark Fantasy"": 12, ""Strategy"": 9}"
321160,Timber Tennis: Versus,"Nov 8, 2018",2018-11-08,USD,199,199,0,$1.99,Digital Melody,Crunching Koalas,https://store.steampowered.com/app/321160/,"50,000 .. 100,000",0,0,0,0,0,,199,199,0,"Casual, Indie, Sports","{""Sports"": 131, ""Casual"": 124, ""Indie"": 121, ""Multiplayer"": 96, ""Pixel Graphics"": 93, ""Local Multiplayer"": 86, ""2D"": 84, ""Family Friendly"": 82, ""Singleplayer"": 79, ""Cartoon"": 77, ""Cartoony"": 75, ""Funny"": 72, ""Retro"": 69, ""Controller"": 67, ""Competitive"": 64, ""Tennis"": 45, ""4 Player Local"": 43, ""Arcade"": 42, ""Clicker"": 39, ""Trading Card Game"": 37}"
321270,UNLOVED,"Sep 29, 2016",2016-09-29,USD,499,499,0,$4.99,BlueEagle Productions,Paul Schneider,https://store.steampowered.com/app/321270/,"200,000 .. 500,000",29,0,0,0,0,,499,499,0,Action,"{""Action"": 63, ""Gore"": 63, ""Horror"": 53, ""FPS"": 47, ""Co-op"": 41, ""Multiplayer"": 33, ""Dark"": 25, ""Survival Horror"": 25, ""Shooter"": 21, ""First-Person"": 20, ""Singleplayer"": 18, ""Atmospheric"": 15, ""Procedural Generation"": 15, ""Rogue-like"": 13, ""Survival"": 13, ""Online Co-Op"": 12, ""Indie"": 9, ""Demons"": 8, ""Boomer Shooter"": 7}"
321980,Hardland,"Sep 17, 2019",2019-09-17,USD,2499,2499,0,$24.99,Mountain Sheep,Mountain Sheep,https://store.steampowered.com/app/321980/,"50,000 .. 100,000",0,0,0,0,0,,2499,2499,0,"Adventure, Indie","{""Singleplayer"": 235, ""Fantasy"": 229, ""Adventure"": 226, ""Story Rich"": 223, ""Choices Matter"": 221, ""Atmospheric"": 212, ""Multiple Endings"": 209, ""Mystery"": 205, ""Conversation"": 203, ""Exploration"": 197, ""Surreal"": 192, ""Indie"": 187, ""3D"": 182, ""Open World"": 181, ""Choose Your Own Adventure"": 175, ""Cinematic"": 171, ""Cartoony"": 167, ""Cute"": 163, ""Procedural Generation"": 158, ""Action-Adventure"": 152}"
322110,20XX,"Aug 16, 2017",2017-08-16,USD,1499,1499,0,$14.99,Batterystaple Games; Fire Hose Games,Batterystaple Games,https://store.steampowered.com/app/322110/,"200,000 .. 500,000",11,0,0,0,0,,1499,1499,0,"Action, Indie","{""Platformer"": 173, ""Action Roguelike"": 160, ""Action"": 126, ""2D Platformer"": 123, ""Rogue-lite"": 119, ""2D"": 97, ""Online Co-Op"": 96, ""Indie"": 90, ""Female Protagonist"": 77, ""Local Co-Op"": 73, ""Side Scroller"": 67, ""Great Soundtrack"": 66, ""Multiplayer"": 63, ""Controller"": 62, ""Local Multiplayer"": 59, ""Procedural Generation"": 58, ""Co-op"": 56, ""Singleplayer"": 52, ""Rogue-like"": 51, ""Difficult"": 47}"
322190,SteamWorld Heist,"Jun 7, 2016",2016-06-07,USD,1499,1499,0,$14.99,Image & Form Games,Image & Form Games,https://store.steampowered.com/app/322190/,"500,000 .. 1,000,000",27,0,0,0,0,,1499,1499,0,"RPG, Strategy","{""Strategy"": 178, ""Turn-Based"": 157, ""Steampunk"": 143, ""RPG"": 141, ""Indie"": 120, ""Action"": 104, ""Adventure"": 103, ""2D"": 86, ""Female Protagonist"": 70, ""Turn-Based Tactics"": 67, ""Singleplayer"": 65, ""Robots"": 64, ""Great Soundtrack"": 55, ""Turn-Based Combat"": 46, ""Sci-fi"": 44, ""Heist"": 37, ""Turn-Based Strategy"": 35, ""Comedy"": 26, ""Atmospheric"": 17, ""Touch-Friendly"": 15}"
322450,FRAMED Collection,"May 17, 2018",2018-05-17,USD,999,999,0,$9.99,Loveshack Entertainment,Fellow Traveller,https://store.steampowered.com/app/322450/,"200,000 .. 500,000",3,0,0,0,0,,999,999,0,"Adventure, Casual, Indie","{""Puzzle"": 63, ""Casual"": 59, ""Indie"": 58, ""Adventure"": 53, ""Noir"": 52, ""Comic Book"": 51, ""Singleplayer"": 37, ""Minimalist"": 35, ""Touch-Friendly"": 31, ""Heist"": 30, ""Family Friendly"": 27, ""Point & Click"": 23, ""Great Soundtrack"": 20, ""Strategy"": 14, ""2D"": 13, ""Cartoon"": 13, ""Music"": 12, ""Platformer"": 11, ""Puzzle-Platformer"": 11, ""Addictive"": 10}"
322750,Drifting Lands,"Jun 5, 2017",2017-06-05,USD,499,499,0,$4.99,Alkemi,Alkemi,https://store.steampowered.com/app/322750/,"20,000 .. 50,000",0,0,0,0,0,,499,499,0,"Action, Indie, RPG","{""Indie"": 55, ""Action"": 50, ""RPG"": 47, ""Shoot 'Em Up"": 38, ""Bullet Hell"": 19, ""Sci-fi"": 18, ""Singleplayer"": 18, ""Shooter"": 9, ""Side Scroller"": 6}"
322770,Vanishing Realms™,"Aug 23, 2019",2019-08-23,USD,1999,1999,0,$19.99,Indimo Labs LLC,Indimo Labs LLC,https://store.steampowered.com/app/322770/,"200,000 .. 500,000",1,0,0,0,0,,1999,1999,0,"Action, Adventure, RPG","{""VR"": 145, ""Swordplay"": 79, ""Action RPG"": 57, ""RPG"": 53, ""3D"": 50, ""Adventure"": 41, ""Action"": 39, ""First-Person"": 37, ""Fantasy"": 30, ""Magic"": 27, ""Singleplayer"": 6}"
323190,Frostpunk,"Apr 24, 2018",2018-04-24,USD,2999,2999,0,$29.99,11 bit studios,11 bit studios,https://store.steampowered.com/app/323190/,"2,000,000 .. 5,000,000",1699,0,0,0,0,,2999,2999,0,"Simulation, Strategy","{""City Builder"": 1968, ""Survival"": 1861, ""Resource Management"": 1680, ""Strategy"": 1657, ""Post-apocalyptic"": 1491, ""Steampunk"": 1414, ""Colony Sim"": 1388, ""Building"": 969, ""Base-Building"": 731, ""Singleplayer"": 688, ""Simulation"": 651, ""Management"": 642, ""Choices Matter"": 581, ""Atmospheric"": 516, ""Economy"": 470, ""Dark"": 412, ""Difficult"": 401, ""RTS"": 387, ""Great Soundtrack"": 354, ""Real-Time with Pause"": 344}"
323220,Vagante,"Feb 21, 2018",2018-02-21,USD,1499,1499,0,$14.99,Nuke Nine,Nuke Nine,https://store.steampowered.com/app/323220/,"200,000 .. 500,000",26,0,0,0,0,,1499,1499,0,"Action, Adventure, Indie, RPG","{""Rogue-lite"": 188, ""Action Roguelike"": 175, ""Pixel Graphics"": 150, ""Rogue-like"": 119, ""RPG"": 115, ""Adventure"": 97, ""Roguevania"": 96, ""Indie"": 96, ""Online Co-Op"": 93, ""Platformer"": 88, ""2D"": 86, ""Difficult"": 85, ""Multiplayer"": 83, ""Local Co-Op"": 80, ""Action"": 80, ""Procedural Generation"": 74, ""Co-op"": 71, ""4 Player Local"": 68, ""Perma Death"": 65, ""Metroidvania"": 31}"
324470,SinaRun,"Nov 3, 2025",2025-11-03,USD,399,399,0,$3.99,Princesseuh,Princesseuh,https://store.steampowered.com/app/324470/,"20,000 .. 50,000",0,0,0,0,0,,399,399,0,"Indie, Racing","{""Indie"": 36, ""Racing"": 36, ""Early Access"": 26, ""First-Person"": 5, ""Parkour"": 5}"
324520,Defense Zone 3 Ultra HD,"Dec 14, 2016",2016-12-14,USD,999,999,0,$9.99,Artem Kotov,Artem Kotov,https://store.steampowered.com/app/324520/,"100,000 .. 200,000",14,0,0,0,0,,999,999,0,"Action, Indie, Strategy","{""Strategy"": 36, ""Action"": 33, ""Indie"": 32, ""Tower Defense"": 18}"
324740,The Warlock of Firetop Mountain,"Aug 30, 2016",2016-08-30,USD,1999,1999,0,$19.99,Tin Man Games,Tin Man Games,https://store.steampowered.com/app/324740/,"100,000 .. 200,000",0,0,0,0,0,,1999,1999,0,"Action, Adventure, Indie","{""Adventure"": 115, ""Indie"": 108, ""Action"": 105, ""Choose Your Own Adventure"": 104, ""Board Game"": 102, ""RPG"": 95, ""Turn-Based"": 93, ""Fantasy"": 90, ""Singleplayer"": 89, ""Rogue-like"": 86, ""Dungeon Crawler"": 85, ""Tabletop"": 83, ""Isometric"": 80, ""Story Rich"": 74, ""Turn-Based Combat"": 73, ""Interactive Fiction"": 69, ""1980s"": 59, ""Choices Matter"": 54, ""Combat"": 51, ""Grid-Based Movement"": 46}"
324800,Shadow Warrior 2,"Oct 13, 2016",2016-10-13,USD,2999,2999,0,$29.99,Flying Wild Hog,Devolver Digital,https://store.steampowered.com/app/324800/,"1,000,000 .. 2,000,000",61,0,0,0,0,,2999,2999,0,"Action, Adventure","{""Action"": 430, ""Gore"": 371, ""Looter Shooter"": 369, ""FPS"": 347, ""Co-op"": 336, ""Multiplayer"": 304, ""Ninja"": 284, ""Hack and Slash"": 271, ""Shooter"": 262, ""Swordplay"": 260, ""First-Person"": 234, ""Comedy"": 226, ""Open World"": 200, ""Demons"": 185, ""Loot"": 172, ""Funny"": 170, ""Singleplayer"": 170, ""Adventure"": 160, ""Parkour"": 108, ""Memes"": 105}"
325210,Arctico,"Feb 15, 2022",2022-02-15,USD,999,999,0,$9.99,Claudio Norori; Antonio Vargas,,https://store.steampowered.com/app/325210/,"100,000 .. 200,000",10,0,0,0,0,,999,999,0,"Adventure, Casual, Indie","{""Open World Survival Craft"": 105, ""Co-op"": 95, ""Multiplayer"": 94, ""Open World"": 92, ""Adventure"": 85, ""Survival"": 83, ""Indie"": 68, ""Exploration"": 64, ""Nature"": 63, ""Atmospheric"": 56, ""Crafting"": 55, ""Casual"": 55, ""Relaxing"": 54, ""Base-Building"": 51, ""Singleplayer"": 41, ""Sandbox"": 38, ""Building"": 37, ""Dog"": 37, ""Snow"": 36, ""First-Person"": 35}"
325260,PANZER BALL,"Aug 15, 2020",2020-08-15,USD,499,499,0,$4.99,Oz,Oz,https://store.steampowered.com/app/325260/,"50,000 .. 100,000",0,0,0,0,0,,499,499,0,"Action, Casual, Indie, Racing","{""Indie"": 45, ""Parkour"": 37, ""Multiplayer"": 35, ""Racing"": 35, ""Casual"": 35, ""Action"": 33, ""3D Platformer"": 22, ""Physics"": 22, ""Fast-Paced"": 20, ""Competitive"": 19, ""Difficult"": 19, ""Time Attack"": 19, ""Precision Platformer"": 17, ""Adventure"": 15, ""Split Screen"": 14, ""Early Access"": 12}"
325470,1953: NATO vs Warsaw Pact,"Mar 2, 2025",2025-03-02,USD,99,99,0,$0.99,Wastelands Interactive,Conglomerate 5,https://store.steampowered.com/app/325470/,"0 .. 20,000",95,0,0,0,0,,99,99,0,Strategy,"{""Strategy"": 114, ""Wargame"": 107, ""Turn-Based Strategy"": 104, ""Turn-Based"": 100, ""Grand Strategy"": 96, ""Cold War"": 89, ""Hex Grid"": 85, ""Military"": 82, ""2D"": 80, ""Top-Down"": 78, ""Atmospheric"": 74, ""War"": 65, ""Combat"": 59, ""Early Access"": 32, ""Singleplayer"": 32, ""Trading Card Game"": 30, ""Great Soundtrack"": 28, ""Fighting"": 25, ""Comedy"": 23}"
325730,The Hive,"Aug 25, 2016",2016-08-25,USD,1999,1999,0,$19.99,Skydome Entertainment,Skydome Entertainment,https://store.steampowered.com/app/325730/,"50,000 .. 100,000",1,0,0,0,0,,1999,1999,0,"Indie, Strategy","{""RTS"": 182, ""Strategy"": 176, ""RPG"": 173, ""Base-Building"": 168, ""Resource Management"": 163, ""Underground"": 157, ""Real Time Tactics"": 153, ""Building"": 150, ""Aliens"": 146, ""Dinosaurs"": 142, ""3D"": 135, ""Strategy RPG"": 128, ""Top-Down"": 126, ""Story Rich"": 121, ""Fantasy"": 116, ""Survival"": 113, ""Exploration"": 110, ""Colony Sim"": 108, ""Narration"": 102, ""Colorful"": 96}"
325930,Viking Squad,"Oct 4, 2016",2016-10-04,USD,1499,1499,0,$14.99,Slick Entertainment Inc.,Slick Entertainment Inc.,https://store.steampowered.com/app/325930/,"20,000 .. 50,000",1,0,0,0,0,,1499,1499,0,"Action, Adventure, Indie","{""Action"": 43, ""Adventure"": 40, ""Indie"": 39, ""Vikings"": 31, ""Beat 'em up"": 25, ""Local Co-Op"": 23, ""Side Scroller"": 18, ""2D"": 12, ""Online Co-Op"": 9, ""Multiplayer"": 5}"
326060,Starlight Drifter,"Jun 29, 2018",2018-06-29,USD,1999,1999,0,$19.99,Dharker Studios,Dharker Studios,https://store.steampowered.com/app/326060/,"20,000 .. 50,000",1,0,0,0,0,,1999,1999,0,"Adventure, Casual, Indie","{""Choose Your Own Adventure"": 210, ""Exploration"": 205, ""Visual Novel"": 202, ""Space"": 198, ""Sandbox"": 196, ""Space Sim"": 188, ""Dating Sim"": 181, ""Female Protagonist"": 176, ""Character Customization"": 175, ""2D"": 172, ""Cute"": 170, ""LGBTQ+"": 167, ""Open World"": 166, ""Story Rich"": 155, ""Choices Matter"": 146, ""Multiple Endings"": 138, ""RPG"": 131, ""Action"": 126, ""Sexual Content"": 120, ""Adventure"": 108}"
326110,Defenders of the Last Colony,"Jun 23, 2016",2016-06-23,USD,499,499,0,$4.99,Knitted Pixels,Knitted Pixels,https://store.steampowered.com/app/326110/,"0 .. 20,000",0,0,0,0,0,,499,499,0,"Action, Indie","{""Indie"": 23, ""Action"": 22, ""Shooter"": 13, ""Top-Down Shooter"": 12, ""Top-Down"": 12, ""Co-op"": 11, ""Crafting"": 11, ""Arcade"": 11, ""Sci-fi"": 11, ""Twin Stick Shooter"": 11, ""Tower Defense"": 10, ""Space"": 10, ""Singleplayer"": 10, ""Arena Shooter"": 10}"
326460,ShellShock Live,"May 22, 2020",2020-05-22,USD,999,999,0,$9.99,kChamp Games,kChamp Games,https://store.steampowered.com/app/326460/,"1,000,000 .. 2,000,000",297,0,0,0,0,,999,999,0,"Action, Casual, Indie, Massively Multiplayer, Strategy","{""Tanks"": 395, ""Multiplayer"": 370, ""Strategy"": 281, ""2D"": 278, ""Action"": 230, ""Turn-Based"": 216, ""Shooter"": 171, ""Casual"": 166, ""Online Co-Op"": 148, ""Early Access"": 147, ""Massively Multiplayer"": 130, ""Indie"": 127, ""Colorful"": 119, ""Funny"": 114, ""Turn-Based Strategy"": 113, ""Co-op"": 112, ""Singleplayer"": 97, ""Physics"": 90, ""Great Soundtrack"": 77, ""Family Friendly"": 56}"
326520,Chime Sharp,"Jul 19, 2016",2016-07-19,USD,999,999,0,$9.99,Ste Curran; Twistplay,Chilled Mouse,https://store.steampowered.com/app/326520/,"50,000 .. 100,000",0,0,0,0,0,,999,999,0,Casual,"{""Casual"": 34, ""Puzzle"": 11, ""Music"": 10}"
326840,Heart&Slash,"Aug 9, 2016",2016-08-09,USD,1499,1499,0,$14.99,AHEARTFULOFGAMES,Full Hearts Games,https://store.steampowered.com/app/326840/,"50,000 .. 100,000",1,0,0,0,0,,1499,1499,0,"Action, Adventure, Indie","{""Hack and Slash"": 116, ""Action Roguelike"": 109, ""Action"": 108, ""Adventure"": 104, ""Robots"": 103, ""Indie"": 98, ""Rogue-like"": 86, ""Romance"": 85, ""Beat 'em up"": 83, ""Singleplayer"": 81, ""Rogue-lite"": 78, ""Voxel"": 76, ""Character Action Game"": 70, ""Spectacle fighter"": 69, ""Pixel Graphics"": 68, ""Third Person"": 65, ""Cyberpunk"": 59, ""Character Customization"": 56, ""Perma Death"": 50, ""Great Soundtrack"": 45}"
327030,Worms W.M.D,"Aug 23, 2016",2016-08-23,USD,2999,2999,0,$29.99,Team17,Team17,https://store.steampowered.com/app/327030/,"500,000 .. 1,000,000",181,0,0,0,0,,2999,2999,0,"Action, Strategy","{""Strategy"": 245, ""Multiplayer"": 231, ""Action"": 176, ""Turn-Based Strategy"": 155, ""Funny"": 142, ""Local Multiplayer"": 133, ""2D"": 124, ""Turn-Based"": 103, ""Co-op"": 70, ""Shooter"": 65, ""Singleplayer"": 61, ""Comedy"": 57, ""Local Co-Op"": 57, ""Classic"": 52, ""Memes"": 44, ""Casual"": 44, ""Platformer"": 36, ""War"": 24, ""Adventure"": 20, ""Gore"": 19}"
327090,Out of Reach,"Jul 13, 2018",2018-07-13,USD,1499,1499,0,$14.99,Space Boat Studios,Space Boat Studios,https://store.steampowered.com/app/327090/,"50,000 .. 100,000",1,0,0,0,0,,1499,1499,0,"Action, Adventure, Indie, Massively Multiplayer, RPG, Simulation","{""Open World Survival Craft"": 311, ""Survival"": 297, ""Open World"": 240, ""Multiplayer"": 218, ""Crafting"": 211, ""Building"": 172, ""Massively Multiplayer"": 155, ""Adventure"": 124, ""Action"": 120, ""Sandbox"": 120, ""Exploration"": 120, ""Base-Building"": 116, ""Co-op"": 104, ""PvP"": 100, ""First-Person"": 89, ""Simulation"": 88, ""Indie"": 87, ""Early Access"": 86, ""Hunting"": 82, ""Pirates"": 80}"
327510,WASTED,"Jun 7, 2016",2016-06-07,USD,1299,1299,0,$12.99,Mr. Podunkian,Mr. Podunkian,https://store.steampowered.com/app/327510/,"100,000 .. 200,000",1,0,0,0,0,,1299,1299,0,"Action, Indie, RPG","{""Action Roguelike"": 50, ""Action"": 41, ""RPG"": 35, ""Indie"": 35, ""Post-apocalyptic"": 33, ""FPS"": 32, ""Rogue-lite"": 29, ""Rogue-like"": 20, ""Dungeon Crawler"": 18, ""Singleplayer"": 16, ""Funny"": 12, ""Comedy"": 9, ""1980s"": 8, ""First-Person"": 7}"
327560,Near Death,"Aug 2, 2016",2016-08-02,USD,799,799,0,$7.99,Orthogonal Games,Orthogonal Games,https://store.steampowered.com/app/327560/,"50,000 .. 100,000",1,0,0,0,0,,799,799,0,"Action, Adventure, Indie, Simulation","{""First-Person"": 189, ""Atmospheric"": 182, ""Survival"": 180, ""Exploration"": 178, ""Female Protagonist"": 174, ""Walking Simulator"": 165, ""Snow"": 163, ""Indie"": 161, ""Soundtrack"": 156, ""Action-Adventure"": 156, ""Singleplayer"": 153, ""Adventure"": 148, ""Action"": 144, ""Dark"": 143, ""Difficult"": 139, ""Simulation"": 139, ""Controller"": 137, ""Survival Horror"": 133, ""Open World"": 128, ""Psychological Horror"": 109}"
327760,Bacon Man: An Adventure,"Mar 6, 2018",2018-03-06,USD,999,999,0,$9.99,Skymap Games,Skymap Games,https://store.steampowered.com/app/327760/,"0 .. 20,000",0,0,0,0,0,,999,999,0,"Action, Adventure, Indie","{""Adventure"": 36, ""Indie"": 36, ""Action"": 34, ""Funny"": 10, ""Platformer"": 9}"
327860,Salt,"Feb 6, 2018",2018-02-06,USD,1499,1499,0,$14.99,Lavaboots Studios,Lavaboots Studios,https://store.steampowered.com/app/327860/,"50,000 .. 100,000",3,0,0,0,0,,1499,1499,0,"Action, Adventure, Indie, RPG","{""Open World Survival Craft"": 206, ""Open World"": 204, ""Survival"": 201, ""Adventure"": 155, ""Crafting"": 153, ""Exploration"": 140, ""Pirates"": 135, ""Multiplayer"": 134, ""Sandbox"": 132, ""First-Person"": 107, ""Singleplayer"": 102, ""Indie"": 87, ""RPG"": 80, ""Action"": 78, ""Sailing"": 76, ""Naval"": 66, ""Procedural Generation"": 61, ""Atmospheric"": 50, ""Early Access"": 50, ""Walking Simulator"": 46}"
328080,Rise to Ruins,"Oct 14, 2019",2019-10-14,USD,1499,1499,0,$14.99,Raymond Doerr,SixtyGig Games,https://store.steampowered.com/app/328080/,"200,000 .. 500,000",26,0,0,0,0,,1499,1499,0,"Indie, Simulation, Strategy","{""Tower Defense"": 304, ""Colony Sim"": 299, ""City Builder"": 285, ""Strategy"": 243, ""Survival"": 223, ""Pixel Graphics"": 205, ""Base-Building"": 195, ""God Game"": 182, ""Simulation"": 177, ""Indie"": 153, ""Sandbox"": 121, ""Singleplayer"": 104, ""2D"": 96, ""Resource Management"": 96, ""Early Access"": 77, ""Retro"": 75, ""Rogue-like"": 71, ""Great Soundtrack"": 57, ""Level Editor"": 55, ""Soundtrack"": 40}"
328510,Monsters and Monocles,"Aug 16, 2016",2016-08-16,USD,1499,1499,0,$14.99,Retro Dreamer,Retro Dreamer,https://store.steampowered.com/app/328510/,"0 .. 20,000",0,0,0,0,0,,1499,1499,0,"Action, Indie, Early Access","{""Action Roguelike"": 50, ""Indie"": 45, ""Action"": 43, ""Bullet Hell"": 30, ""Pixel Graphics"": 28, ""2D"": 24, ""Rogue-lite"": 24, ""Early Access"": 23, ""Multiplayer"": 23, ""Shooter"": 21, ""Local Multiplayer"": 11, ""Rogue-like"": 10, ""Top-Down Shooter"": 6}"
328590,Don't Knock Twice,"Sep 5, 2017",2017-09-05,USD,399,1999,80,$3.99,Wales Interactive,Wales Interactive,https://store.steampowered.com/app/328590/,"50,000 .. 100,000",0,0,0,0,0,,399,1999,80,"Action, Adventure, Indie","{""Psychological Horror"": 132, ""Adventure"": 124, ""First-Person"": 123, ""VR"": 120, ""Horror"": 118, ""Action"": 108, ""Survival Horror"": 105, ""Indie"": 101, ""Atmospheric"": 89, ""Exploration"": 87, ""Casual"": 85, ""Puzzle"": 83, ""Singleplayer"": 80, ""Violent"": 73, ""Female Protagonist"": 71, ""Story Rich"": 69, ""Sexual Content"": 65, ""Controller"": 63, ""Walking Simulator"": 62, ""Psychological"": 59}"
329310,Tile Miner,"Nov 10, 2021",2021-11-10,USD,1499,1499,0,$14.99,nalothchris; swanee734,MadSwan,https://store.steampowered.com/app/329310/,"20,000 .. 50,000",0,0,0,0,0,,1499,1499,0,"Action, Adventure, Indie","{""Adventure"": 247, ""Sandbox"": 243, ""Action"": 239, ""2D"": 237, ""Open World"": 234, ""Building"": 227, ""Pixel Graphics"": 222, ""Survival"": 218, ""Mining"": 215, ""Crafting"": 212, ""City Builder"": 206, ""Farming Sim"": 204, ""Exploration"": 199, ""Top-Down"": 192, ""Procedural Generation"": 186, ""Atmospheric"": 173, ""Fantasy"": 172, ""Loot"": 157, ""Magic"": 142, ""Management"": 135}"
329340,cloudphobia,"Dec 7, 2016",2016-12-07,USD,599,599,0,$5.99,Marsbound,Rockin' Android,https://store.steampowered.com/app/329340/,"0 .. 20,000",0,0,0,0,0,,599,599,0,"Action, Indie","{""Action"": 25, ""Indie"": 23, ""Shoot 'Em Up"": 10, ""Mechs"": 6}"
329970,KeeperRL,"Feb 29, 2024",2024-02-29,USD,1999,1999,0,$19.99,Electric Succubi,Electric Succubi,https://store.steampowered.com/app/329970/,"100,000 .. 200,000",11,0,0,0,0,,1999,1999,0,"RPG, Simulation, Strategy","{""Underground"": 766, ""Simulation"": 713, ""Rogue-like"": 708, ""Villain Protagonist"": 707, ""Procedural Generation"": 699, ""Retro"": 691, ""Moddable"": 687, ""Zombies"": 683, ""Vampire"": 676, ""Base-Building"": 671, ""Building"": 639, ""Dwarf"": 638, ""Sandbox"": 635, ""Strategy"": 634, ""Dark Fantasy"": 632, ""Management"": 631, ""Old School"": 628, ""Survival"": 623, ""Werewolves"": 615, ""Mining"": 609}"
330020,Children of Morta,"Sep 3, 2019",2019-09-03,USD,2199,2199,0,$21.99,Dead Mage,11 bit studios,https://store.steampowered.com/app/330020/,"1,000,000 .. 2,000,000",69,0,0,0,0,,2199,2199,0,"Action, Adventure, Indie, RPG","{""Multiplayer"": 701, ""Rogue-like"": 632, ""Pixel Graphics"": 532, ""Online Co-Op"": 530, ""Hack and Slash"": 526, ""Action Roguelike"": 518, ""RPG"": 515, ""Rogue-lite"": 510, ""Local Co-Op"": 497, ""Dungeon Crawler"": 483, ""Action"": 477, ""Story Rich"": 439, ""Singleplayer"": 433, ""Co-op"": 432, ""Action RPG"": 405, ""2D"": 404, ""Isometric"": 398, ""Procedural Generation"": 387, ""Fantasy"": 369, ""Action-Adventure"": 358}"
330100,BossConstructor,"Oct 24, 2016",2016-10-24,USD,1499,1499,0,$14.99,Neomateria Games GmbH,Neomateria Games GmbH,https://store.steampowered.com/app/330100/,"20,000 .. 50,000",0,0,0,0,0,,1499,1499,0,"Action, Indie, RPG, Simulation","{""Indie"": 38, ""Action"": 37, ""RPG"": 37, ""Simulation"": 35, ""Space"": 28, ""Building"": 22, ""2D"": 18, ""Singleplayer"": 14, ""Top-Down"": 13, ""Destruction"": 12, ""Exploration"": 12, ""Futuristic"": 12, ""Physics"": 12, ""Sci-fi"": 12, ""Arcade"": 12, ""Survival"": 12, ""Shooter"": 11, ""Bullet Hell"": 11, ""Management"": 11}"
330580,Shark Attack Deathmatch 2,"Jul 26, 2019",2019-07-26,USD,499,499,0,$4.99,Lighthouse Games Studio,Lighthouse Games Studio,https://store.steampowered.com/app/330580/,"200,000 .. 500,000",0,0,0,0,0,,499,499,0,"Action, Indie","{""Horror"": 236, ""Arena Shooter"": 229, ""FPS"": 227, ""Survival Horror"": 224, ""Shoot 'Em Up"": 220, ""Open World"": 215, ""PvP"": 211, ""Exploration"": 211, ""Hunting"": 208, ""Shooter"": 197, ""Fighting"": 192, ""Survival"": 187, ""First-Person"": 183, ""3D"": 181, ""Underwater"": 173, ""Action"": 153, ""Adventure"": 145, ""Combat"": 140, ""Multiplayer"": 131, ""Gore"": 131}"
330590,Independence War™ Deluxe Edition,"Aug 10, 2016",2016-08-10,USD,599,599,0,$5.99,Particle Systems Ltd.,Atari; Infogrames,https://store.steampowered.com/app/330590/,"0 .. 20,000",0,0,0,0,0,,119,599,80,"Action, Simulation, Strategy","{""Strategy"": 22, ""Action"": 22, ""Simulation"": 22, ""Space Sim"": 6}"
330830,Tales from the Borderlands,"Feb 16, 2021",2021-02-16,USD,1999,1999,0,$19.99,Telltale Games,2K,https://store.steampowered.com/app/330830/,"500,000 .. 1,000,000",34,0,0,0,0,,1999,1999,0,Adventure,"{""Comedy"": 382, ""Adventure"": 357, ""Story Rich"": 351, ""Choices Matter"": 338, ""Singleplayer"": 292, ""Episodic"": 255, ""Point & Click"": 236, ""Funny"": 218, ""Choose Your Own Adventure"": 194, ""Action"": 167, ""Atmospheric"": 166, ""Quick-Time Events"": 166, ""Great Soundtrack"": 160, ""Dark Humor"": 150, ""Sci-fi"": 146, ""Memes"": 120, ""Female Protagonist"": 95, ""Visual Novel"": 78, ""RPG"": 75, ""Casual"": 44}"
330880,Redemption,"Aug 11, 2016",2016-08-11,USD,1499,1499,0,$14.99,"Move Games Co., Ltd.","Move Games Co., Ltd.",https://store.steampowered.com/app/330880/,"0 .. 20,000",0,0,0,0,0,,1499,1499,0,"Action, Adventure, Casual, Massively Multiplayer, RPG, Early Access","{""Action"": 32, ""Massively Multiplayer"": 32, ""Adventure"": 30, ""RPG"": 30, ""Casual"": 30, ""Early Access"": 21, ""Controller"": 10}"
331210,"Bolt Riley, A Reggae Adventure","Feb 8, 2018",2018-02-08,USD,499,499,0,$4.99,Adventure Mob; Corbomite Games,Adventure Mob; Corbomite Games,https://store.steampowered.com/app/331210/,"0 .. 20,000",0,0,0,0,0,,499,499,0,"Adventure, Casual, Indie","{""Stylized"": 45, ""Singleplayer"": 34, ""Music"": 32, ""Relaxing"": 30, ""Surreal"": 30, ""Colorful"": 30, ""Cute"": 28, ""Dark Comedy"": 23, ""Mouse only"": 23, ""Minigames"": 23, ""Linear"": 23, ""Dark Humor"": 23, ""Detective"": 23, ""Mature"": 23, ""2.5D"": 23, ""Parody "": 23, ""Dark"": 23, ""Dark Fantasy"": 22, ""Fantasy"": 20, ""Satire"": 20}"
331430,Toby's Island,"Sep 15, 2023",2023-09-15,USD,999,999,0,$9.99,Mvisioning,Mvisioning,https://store.steampowered.com/app/331430/,"0 .. 20,000",0,0,0,0,0,,999,999,0,"Adventure, Casual, Indie, RPG, Strategy","{""Exploration"": 174, ""Creature Collector"": 168, ""Farming Sim"": 164, ""Party-Based RPG"": 161, ""Turn-Based Strategy"": 155, ""Strategy"": 146, ""RPG"": 143, ""2D"": 135, ""Top-Down"": 129, ""Story Rich"": 122, ""Turn-Based Combat"": 117, ""Open World"": 114, ""Casual"": 109, ""Pixel Graphics"": 101, ""Anime"": 93, ""Agriculture"": 83, ""Magic"": 81, ""Building"": 72, ""Crafting"": 68, ""Survival"": 65}"
331480,Pinstripe,"Apr 24, 2017",2017-04-24,USD,1499,1499,0,$14.99,"Atmos Games, LLC",Armor Games Studios,https://store.steampowered.com/app/331480/,"200,000 .. 500,000",1,0,0,0,0,,1499,1499,0,"Adventure, Casual, Indie","{""Indie"": 84, ""Adventure"": 76, ""Casual"": 61, ""Atmospheric"": 55, ""Dark"": 55, ""Puzzle-Platformer"": 45, ""Puzzle"": 42, ""Story Rich"": 41, ""Platformer"": 40, ""Singleplayer"": 38, ""Side Scroller"": 34, ""Great Soundtrack"": 32, ""2D"": 25, ""Action"": 17, ""Horror"": 14, ""Kickstarter"": 13, ""Funny"": 12, ""Cute"": 6}"
331690,Crossing Souls,"Feb 13, 2018",2018-02-13,USD,1499,1499,0,$14.99,Fourattic,Devolver Digital,https://store.steampowered.com/app/331690/,"100,000 .. 200,000",3,0,0,0,0,,1499,1499,0,"Action, Adventure, Indie","{""Pixel Graphics"": 76, ""Adventure"": 62, ""1980s"": 55, ""Indie"": 54, ""Action"": 50, ""Great Soundtrack"": 40, ""Retro"": 32, ""2D"": 28, ""Funny"": 17, ""Story Rich"": 12, ""RPG"": 10, ""Difficult"": 10, ""Puzzle"": 7, ""Singleplayer"": 7, ""Top-Down"": 7, ""Atmospheric"": 6}"
331870,AER Memories of Old,"Oct 25, 2017",2017-10-25,USD,1499,1499,0,$14.99,Forgotten Key,Daedalic Entertainment,https://store.steampowered.com/app/331870/,"200,000 .. 500,000",2,0,0,0,0,,149,1499,90,"Adventure, Indie","{""Adventure"": 221, ""Exploration"": 184, ""Indie"": 174, ""Relaxing"": 144, ""Open World"": 144, ""Atmospheric"": 131, ""Female Protagonist"": 117, ""Flight"": 112, ""Singleplayer"": 102, ""Great Soundtrack"": 80, ""Third Person"": 78, ""Experience"": 62, ""Puzzle"": 58, ""Nature"": 54, ""Colorful"": 43, ""Story Rich"": 42, ""Casual"": 39, ""3D Platformer"": 36, ""Narration"": 32, ""Walking Simulator"": 29}"
332270,Gunmetal Arcadia,"Feb 7, 2017",2017-02-07,USD,999,999,0,$9.99,Minor Key Games,Minor Key Games,https://store.steampowered.com/app/332270/,"0 .. 20,000",0,0,0,0,0,,999,999,0,"Action, Adventure, Indie","{""Action Roguelike"": 235, ""Side Scroller"": 230, ""Hack and Slash"": 226, ""Rogue-lite"": 222, ""Dungeon Crawler"": 218, ""Perma Death"": 211, ""Difficult"": 208, ""Platformer"": 206, ""Survival"": 198, ""Rogue-like"": 191, ""RPG"": 184, ""2D"": 178, ""Steampunk"": 175, ""Choices Matter"": 169, ""Multiple Endings"": 160, ""Action"": 150, ""Pixel Graphics"": 147, ""Colorful"": 139, ""Gothic"": 134, ""Dark Fantasy"": 132}"
332310,LEGO® Worlds,"Mar 7, 2017",2017-03-07,USD,2999,2999,0,$29.99,TT Games; Traveller's Tales,Warner Bros. Interactive Entertainment,https://store.steampowered.com/app/332310/,"500,000 .. 1,000,000",43,0,0,0,0,,2999,2999,0,Adventure,"{""LEGO"": 1081, ""Open World"": 776, ""Building"": 741, ""Sandbox"": 736, ""Adventure"": 663, ""Multiplayer"": 652, ""Exploration"": 503, ""Family Friendly"": 464, ""Singleplayer"": 404, ""Third Person"": 376, ""Funny"": 358, ""Early Access"": 317, ""Destruction"": 285, ""Co-op"": 271, ""Action"": 247, ""Comedy"": 219, ""Simulation"": 217, ""Casual"": 209, ""Walking Simulator"": 139, ""Voxel"": 132}"
332700,Mike was Сursed,"Apr 19, 2018",2018-04-19,USD,499,499,0,$4.99,Bogdan Sychkov,Raum Studio,https://store.steampowered.com/app/332700/,"50,000 .. 100,000",0,0,0,0,0,,499,499,0,"Action, Adventure, Indie","{""Adventure"": 51, ""Action"": 22, ""Indie"": 20, ""Horror"": 10, ""VR"": 5}"
333420,Cossacks 3,"Sep 20, 2016",2016-09-20,USD,1999,1999,0,$19.99,GSC Game World,GSC Game World,https://store.steampowered.com/app/333420/,"1,000,000 .. 2,000,000",446,0,0,0,0,,1999,1999,0,"Action, Adventure, Strategy","{""Strategy"": 532, ""RTS"": 379, ""War"": 339, ""Multiplayer"": 334, ""Singleplayer"": 318, ""Historical"": 318, ""Resource Management"": 315, ""Action RTS"": 309, ""Base-Building"": 308, ""PvP"": 304, ""PvE"": 299, ""3D"": 292, ""City Builder"": 273, ""Action"": 271, ""Isometric"": 268, ""Open World"": 264, ""Co-op"": 263, ""Economy"": 252, ""Replay Value"": 228, ""Real-Time with Pause"": 227}"
333640,Caves of Qud,"Dec 5, 2024",2024-12-05,USD,2399,2999,20,$23.99,Freehold Games,Kitfox Games,https://store.steampowered.com/app/333640/,"200,000 .. 500,000",425,0,0,0,0,,2399,2999,20,"Adventure, Indie, RPG, Strategy","{""Procedural Generation"": 1794, ""Turn-Based Combat"": 1754, ""Open World"": 1729, ""Turn-Based"": 1687, ""Transhumanism"": 1678, ""Sci-fi"": 1254, ""Replay Value"": 1147, ""Traditional Roguelike"": 1138, ""Rogue-like"": 1111, ""Story Rich"": 1079, ""RPG"": 1074, ""Character Customization"": 1057, ""Survival"": 1056, ""Pixel Graphics"": 1055, ""Atmospheric"": 1049, ""CRPG"": 1042, ""Difficult"": 1039, ""Moddable"": 1034, ""Singleplayer"": 1029, ""Choices Matter"": 984}"
333990,Conclave,"Jan 20, 2017",2017-01-20,USD,999,999,0,$9.99,10x10 Room,10x10 Room,https://store.steampowered.com/app/333990/,"0 .. 20,000",3,0,0,0,0,,999,999,0,"Indie, RPG","{""Turn-Based"": 205, ""Party-Based RPG"": 199, ""Tabletop"": 196, ""RPG"": 191, ""2D"": 185, ""Lore-Rich"": 176, ""Story Rich"": 172, ""Turn-Based Combat"": 168, ""Turn-Based Tactics"": 166, ""Asynchronous Multiplayer"": 158, ""Co-op Campaign"": 153, ""Fantasy"": 151, ""Magic"": 148, ""Text-Based"": 145, ""Adventure"": 140, ""Minimalist"": 133, ""Tactical RPG"": 122, ""Multiplayer"": 118, ""Singleplayer"": 116, ""Online Co-Op"": 98}"
334280,Lost Sea,"Jul 5, 2016",2016-07-05,USD,1499,1499,0,$14.99,Eastasiasoft Limited,Eastasiasoft Limited,https://store.steampowered.com/app/334280/,"0 .. 20,000",0,0,0,0,0,,1499,1499,0,"Action, Adventure, Indie","{""Adventure"": 25, ""Action"": 24, ""Indie"": 23, ""Perma Death"": 16, ""Singleplayer"": 13, ""Action Roguelike"": 9}"
334310,Plebby Quest: The Crusades,"Apr 8, 2020",2020-04-08,USD,399,1999,80,$3.99,PiedPipers Team,NEOWIZ,https://store.steampowered.com/app/334310/,"500,000 .. 1,000,000",28,0,0,0,0,,399,1999,80,"Action, Adventure, Casual, Indie, RPG, Simulation, Strategy","{""Strategy"": 170, ""Casual"": 153, ""Indie"": 143, ""RPG"": 140, ""Simulation"": 138, ""Adventure"": 132, ""Action"": 115, ""Medieval"": 109, ""Wargame"": 106, ""Turn-Based Strategy"": 101, ""Singleplayer"": 96, ""Grand Strategy"": 90, ""Choose Your Own Adventure"": 86, ""2D"": 83, ""Cute"": 81, ""Cartoony"": 80, ""Top-Down"": 74, ""PvE"": 70, ""Choices Matter"": 68, ""Replay Value"": 67}"
334360,Passcode Breaker: The Day Before,"Oct 18, 2019",2019-10-18,USD,199,199,0,$1.99,Tutorial Boss,Tutorial Boss; Flying Interactive,https://store.steampowered.com/app/334360/,"0 .. 20,000",0,0,0,0,0,,199,199,0,"Casual, Indie","{""Indie"": 41, ""Casual"": 41, ""Puzzle"": 21, ""Retro"": 20, ""Hacking"": 20}"
334540,Vox Machinae,"May 13, 2022",2022-05-13,USD,2999,2999,0,$29.99,Space Bullet Dynamics Corporation,Space Bullet Dynamics Corporation,https://store.steampowered.com/app/334540/,"20,000 .. 50,000",1,0,0,0,0,,2999,2999,0,"Action, Indie, Simulation","{""VR"": 348, ""Mechs"": 342, ""Action"": 335, ""Multiplayer"": 332, ""Singleplayer"": 331, ""Simulation"": 323, ""Online Co-Op"": 323, ""Robots"": 316, ""Military"": 313, ""Shooter"": 306, ""Sci-fi"": 301, ""FPS"": 297, ""Physics"": 294, ""Vehicular Combat"": 294, ""Gun Customization"": 288, ""Combat"": 287, ""Arcade"": 278, ""Arena Shooter"": 274, ""3D"": 265, ""Destruction"": 258}"
334940,Yoku's Island Express,"May 29, 2018",2018-05-29,USD,399,1999,80,$3.99,Villa Gorilla,Team17 Digital Ltd,https://store.steampowered.com/app/334940/,"200,000 .. 500,000",4,0,0,0,0,,399,1999,80,"Adventure, Indie","{""Pinball"": 93, ""Metroidvania"": 79, ""Adventure"": 69, ""Platformer"": 68, ""Singleplayer"": 57, ""Family Friendly"": 50, ""Indie"": 48, ""Puzzle-Platformer"": 34, ""Great Soundtrack"": 34, ""Cute"": 34, ""Physics"": 30, ""2D"": 27, ""Open World"": 27, ""Hand-drawn"": 25, ""Controller"": 24, ""Casual"": 12, ""Exploration"": 10}"
335210,Rift's Cave,"Sep 9, 2021",2021-09-09,USD,499,499,0,$4.99,Volens Nolens Games,Volens Nolens Games,https://store.steampowered.com/app/335210/,"100,000 .. 200,000",8,0,0,0,0,,499,499,0,"Adventure, Indie","{""VR"": 110, ""Adventure"": 101, ""Indie"": 98, ""Exploration"": 95, ""Fantasy"": 91, ""Action"": 84, ""RPG"": 82, ""Walking Simulator"": 78, ""Action-Adventure"": 71, ""3D Vision"": 68, ""3D"": 65, ""First-Person"": 63, ""Atmospheric"": 59, ""Dragons"": 57, ""Magic"": 55, ""Memes"": 49, ""Stealth"": 45, ""Choices Matter"": 42, ""Open World"": 40, ""PvP"": 37}"
335620,Star Traders: Frontiers,"Jul 31, 2018",2018-07-31,USD,1499,1499,0,$14.99,Trese Brothers,Trese Brothers,https://store.steampowered.com/app/335620/,"100,000 .. 200,000",66,0,0,0,0,,1499,1499,0,"RPG, Strategy","{""Sci-fi"": 408, ""Moddable"": 342, ""Simulation"": 339, ""Tactical RPG"": 335, ""Trading"": 333, ""Management"": 332, ""Procedural Generation"": 317, ""Sandbox"": 316, ""Turn-Based Combat"": 314, ""Space Sim"": 305, ""2D"": 294, ""Strategy"": 292, ""RPG"": 289, ""Rogue-lite"": 287, ""Replay Value"": 281, ""Perma Death"": 274, ""Difficult"": 271, ""Economy"": 263, ""Open World"": 257, ""Kickstarter"": 247}"
336140,Unavowed,"Aug 8, 2018",2018-08-08,USD,1499,1499,0,$14.99,Wadjet Eye Games,Wadjet Eye Games,https://store.steampowered.com/app/336140/,"100,000 .. 200,000",11,0,0,0,0,,1499,1499,0,"Adventure, Indie, RPG","{""Adventure"": 95, ""Point & Click"": 88, ""Indie"": 73, ""Story Rich"": 65, ""Supernatural"": 50, ""Pixel Graphics"": 50, ""Mystery"": 48, ""Singleplayer"": 42, ""Detective"": 42, ""Choices Matter"": 42, ""Atmospheric"": 36, ""2D"": 35, ""Dark"": 34, ""Female Protagonist"": 34, ""Magic"": 32, ""Multiple Endings"": 31, ""Dark Fantasy"": 28, ""Character Customization"": 23, ""Gothic"": 22, ""Noir"": 18}"
336240,Typoman,"Aug 15, 2016",2016-08-15,USD,999,999,0,$9.99,Brainseed Factory,Brainseed Factory,https://store.steampowered.com/app/336240/,"100,000 .. 200,000",1,0,0,0,0,,999,999,0,"Adventure, Indie","{""2D"": 44, ""Word Game"": 43, ""Indie"": 42, ""Side Scroller"": 39, ""Puzzle-Platformer"": 38, ""Puzzle"": 38, ""Great Soundtrack"": 36, ""Surreal"": 34, ""Platformer"": 34, ""Adventure"": 26, ""Typing"": 6, ""Horror"": 6}"
336300,Hearthlands,"Apr 28, 2017",2017-04-28,USD,1599,1599,0,$15.99,Four White Cats,Four White Cats,https://store.steampowered.com/app/336300/,"20,000 .. 50,000",0,0,0,0,0,,799,1599,50,"Indie, Simulation, Strategy","{""City Builder"": 58, ""Strategy"": 55, ""Simulation"": 52, ""Indie"": 43, ""Colony Sim"": 42, ""Management"": 18}"
336440,Super Cane Magic ZERO - Legend of the Cane Cane,"May 30, 2019",2019-05-30,USD,1999,1999,0,$19.99,Studio Evil,Studio Evil,https://store.steampowered.com/app/336440/,"50,000 .. 100,000",0,0,0,0,0,,1999,1999,0,"Action, Adventure, Casual, Indie, RPG","{""Funny"": 699, ""Action RPG"": 689, ""Singleplayer"": 677, ""4 Player Local"": 652, ""Hack and Slash"": 597, ""Local Co-Op"": 537, ""RPG"": 529, ""Adventure"": 522, ""Co-op"": 514, ""Exploration"": 513, ""Action-Adventure"": 510, ""2D"": 509, ""Loot"": 506, ""Action"": 506, ""Cartoon"": 498, ""Co-op Campaign"": 493, ""Combat"": 489, ""Cute"": 484, ""Class-Based"": 480, ""Character Customization"": 473}"
336940,Welcome to Basingstoke,"Apr 27, 2018",2018-04-27,USD,999,999,0,$9.99,Puppygames,Puppygames,https://store.steampowered.com/app/336940/,"20,000 .. 50,000",0,0,0,0,0,,999,999,0,"Action, Adventure, Indie","{""Action"": 68, ""Adventure"": 61, ""Indie"": 61, ""Action Roguelike"": 58, ""Rogue-lite"": 39, ""Survival"": 34, ""Stealth"": 32, ""Zombies"": 26, ""Crafting"": 26, ""Singleplayer"": 26, ""Survival Horror"": 25, ""Difficult"": 20, ""Replay Value"": 19, ""Great Soundtrack"": 15, ""Rogue-like"": 8}"
337000,Deus Ex: Mankind Divided,"Aug 23, 2016",2016-08-23,USD,2999,2999,0,$29.99,Eidos Montreal; Feral Interactive (Linux/Mac),Eidos Interactive Corp.; Feral Interactive (Linux/Mac),https://store.steampowered.com/app/337000/,"2,000,000 .. 5,000,000",205,0,0,0,0,,2999,2999,0,"Action, RPG","{""Cyberpunk"": 921, ""Stealth"": 799, ""RPG"": 617, ""Sci-fi"": 611, ""Story Rich"": 601, ""Action"": 588, ""Atmospheric"": 518, ""Singleplayer"": 469, ""Futuristic"": 438, ""First-Person"": 433, ""Immersive Sim"": 420, ""Illuminati"": 420, ""FPS"": 405, ""Great Soundtrack"": 373, ""Open World"": 359, ""Shooter"": 353, ""Conspiracy"": 338, ""Dystopian "": 300, ""Transhumanism"": 255, ""Adventure"": 226}"
337290,Still Not Dead,"Jan 24, 2018",2018-01-24,USD,499,499,0,$4.99,Glove Games,Glove Games,https://store.steampowered.com/app/337290/,"20,000 .. 50,000",0,0,0,0,0,,499,499,0,"Action, Indie","{""Action Roguelike"": 44, ""Action"": 36, ""Indie"": 34, ""FPS"": 17, ""Pixel Graphics"": 17, ""Zombies"": 16, ""Rogue-lite"": 15, ""Great Soundtrack"": 14, ""Shooter"": 14, ""Fast-Paced"": 13, ""First-Person"": 13, ""Horror"": 13, ""Gore"": 13, ""Survival"": 13, ""Open World"": 12, ""Arcade"": 12, ""Retro"": 12, ""Difficult"": 12, ""Action RPG"": 11, ""2.5D"": 11}"
337320,Paint the Town Red,"Jul 29, 2021",2021-07-29,USD,1999,1999,0,$19.99,South East Games,South East Games,https://store.steampowered.com/app/337320/,"1,000,000 .. 2,000,000",296,0,0,0,0,,1999,1999,0,"Action, Indie","{""Gore"": 561, ""Blood"": 465, ""Action"": 457, ""Violent"": 447, ""Multiplayer"": 418, ""Fighting"": 417, ""First-Person"": 371, ""Physics"": 344, ""Rogue-like"": 321, ""Beat 'em up"": 312, ""Funny"": 310, ""Voxel"": 305, ""Rogue-lite"": 285, ""Singleplayer"": 271, ""FPS"": 264, ""Indie"": 261, ""Mature"": 250, ""Adventure"": 245, ""Difficult"": 244, ""Arcade"": 232}"
337340,Finding Paradise,"Dec 14, 2017",2017-12-14,USD,999,999,0,$9.99,Freebird Games,Freebird Games; Serenity Forge,https://store.steampowered.com/app/337340/,"500,000 .. 1,000,000",16,0,0,0,0,,249,999,75,"Adventure, Indie, RPG","{""Story Rich"": 412, ""Emotional"": 411, ""Pixel Graphics"": 401, ""Adventure"": 397, ""RPG"": 381, ""2D"": 380, ""Singleplayer"": 374, ""Funny"": 370, ""Atmospheric"": 368, ""Interactive Fiction"": 362, ""Psychological"": 360, ""Drama"": 349, ""Top-Down"": 348, ""Comedy"": 334, ""Cute"": 330, ""Female Protagonist"": 329, ""Retro"": 327, ""Romance"": 313, ""JRPG"": 309, ""RPGMaker"": 306}"
337360,Dead Island Retro Revenge,"May 31, 2016",2016-05-31,USD,499,499,0,$4.99,Empty Clip Studios,Deep Silver,https://store.steampowered.com/app/337360/,"100,000 .. 200,000",3,0,0,0,0,,499,499,0,Action,"{""Action"": 37, ""Zombies"": 25, ""Retro"": 17, ""Pixel Graphics"": 16, ""Beat 'em up"": 15, ""Runner"": 14, ""Arcade"": 10, ""2D"": 9, ""Gore"": 8, ""Singleplayer"": 7, ""Violent"": 7}"
337460,18 Wheels of Steel: Pedal to the Metal,"Jun 5, 2020",2020-06-05,USD,999,999,0,$9.99,SCS Software,Cosmi Valusoft,https://store.steampowered.com/app/337460/,"0 .. 20,000",2,0,0,0,0,,999,999,0,Simulation,"{""Simulation"": 35, ""Driving"": 16, ""Management"": 14, ""Singleplayer"": 13, ""Casual"": 12}"
337490,Four Sided Fantasy,"Aug 30, 2016",2016-08-30,USD,99,999,90,$0.99,Ludo Land,Serenity Forge,https://store.steampowered.com/app/337490/,"50,000 .. 100,000",0,0,0,0,0,,999,999,0,Indie,"{""Indie"": 38, ""Puzzle-Platformer"": 28, ""Platformer"": 18, ""Puzzle"": 18, ""2D"": 18, ""Surreal"": 17, ""Minimalist"": 17, ""Physics"": 15, ""Difficult"": 14, ""Atmospheric"": 14, ""Singleplayer"": 14, ""Great Soundtrack"": 13, ""Adventure"": 11, ""Controller"": 11}"
337650,Soft Body,"May 17, 2016",2016-05-17,USD,499,499,0,$4.99,Zeke Virant,Zeke Virant,https://store.steampowered.com/app/337650/,"0 .. 20,000",0,0,0,0,0,,499,499,0,"Action, Indie","{""Action"": 58, ""Indie"": 33, ""Puzzle"": 26, ""Abstract"": 16, ""Shoot 'Em Up"": 11, ""Twin Stick Shooter"": 11, ""Difficult"": 10, ""Great Soundtrack"": 10, ""Top-Down Shooter"": 9, ""Bullet Hell"": 6}"
337890,Dysfunctional Systems: Orientation,"Jul 24, 2017",2017-07-24,USD,499,499,0,$4.99,Dischan Media,Dischan Media,https://store.steampowered.com/app/337890/,"0 .. 20,000",0,0,0,0,0,,499,499,0,"Casual, Indie","{""Indie"": 24, ""Casual"": 24, ""Visual Novel"": 11, ""Female Protagonist"": 7, ""Anime"": 5}"
338040,Bears Can't Drift!?,"Aug 8, 2016",2016-08-08,USD,1199,1199,0,$11.99,Strangely Named,Strangely Named,https://store.steampowered.com/app/338040/,"0 .. 20,000",0,0,0,0,0,,1199,1199,0,"Indie, Racing","{""Racing"": 71, ""Indie"": 67, ""4 Player Local"": 50, ""Local Multiplayer"": 49, ""Driving"": 40, ""Early Access"": 38, ""Family Friendly"": 10, ""Funny"": 5}"
338290,Molecats,"Aug 28, 2018",2018-08-28,USD,1299,1299,0,$12.99,Vidroid,Vidroid,https://store.steampowered.com/app/338290/,"0 .. 20,000",0,0,0,0,0,,1299,1299,0,"Adventure, Casual, Indie","{""Adventure"": 123, ""Casual"": 118, ""Indie"": 113, ""Puzzle"": 110, ""Difficult"": 101, ""Point & Click"": 91, ""Visual Novel"": 88, ""Puzzle-Platformer"": 86, ""Cute"": 81, ""3D"": 75, ""Cartoon"": 73, ""Colorful"": 71, ""Cats"": 69, ""Atmospheric"": 59, ""Family Friendly"": 57, ""Funny"": 55, ""Logic"": 53, ""Relaxing"": 50, ""Controller"": 47, ""Singleplayer"": 33}"
338330,Super Treasure Arena,"Dec 24, 2018",2018-12-24,USD,799,799,0,$7.99,Vennril,Vennril,https://store.steampowered.com/app/338330/,"20,000 .. 50,000",1,0,0,0,0,,799,799,0,"Action, Indie","{""Action"": 26, ""Indie"": 26, ""Pixel Graphics"": 14, ""Multiplayer"": 11, ""Local Multiplayer"": 9, ""4 Player Local"": 6}"
338350,Farm World,"Apr 5, 2017",2017-04-05,USD,599,599,0,$5.99,b-alive gmbh,b-alive gmbh,https://store.steampowered.com/app/338350/,"0 .. 20,000",0,0,0,0,0,,599,599,0,"Casual, Indie, Simulation, Strategy","{""Indie"": 43, ""Casual"": 43, ""Strategy"": 42, ""Simulation"": 41, ""Open World"": 23, ""Realistic"": 22, ""Management"": 22, ""Economy"": 22, ""Building"": 22, ""Sandbox"": 21, ""Pixel Graphics"": 13, ""Atmospheric"": 11, ""Replay Value"": 11, ""Cute"": 11, ""Isometric"": 11, ""Family Friendly"": 10, ""Horses"": 10, ""Resource Management"": 10, ""Agriculture"": 5}"
338390,The Technomancer,"Jun 28, 2016",2016-06-28,USD,999,999,0,$9.99,Spiders,Focus Entertainment,https://store.steampowered.com/app/338390/,"100,000 .. 200,000",6,0,0,0,0,,999,999,0,"Action, RPG","{""RPG"": 137, ""Action"": 104, ""Sci-fi"": 90, ""Open World"": 82, ""Singleplayer"": 82, ""Third Person"": 78, ""Cyberpunk"": 73, ""Post-apocalyptic"": 63, ""Adventure"": 61, ""Mars"": 41, ""Mature"": 29, ""Choices Matter"": 28, ""Nudity"": 26, ""Atmospheric"": 23, ""Great Soundtrack"": 22, ""Story Rich"": 22, ""Action RPG"": 19, ""Character Customization"": 17, ""Sexual Content"": 15, ""Romance"": 10}"
338840,Hollow's Land,"Jan 13, 2022",2022-01-13,USD,499,499,0,$4.99,Relax Minimalism,Relax Minimalism,https://store.steampowered.com/app/338840/,"20,000 .. 50,000",0,0,0,0,0,,49,499,90,"Action, RPG","{""3D"": 137, ""First-Person"": 131, ""Dark Fantasy"": 127, ""Magic"": 124, ""Simulation"": 118, ""Fantasy"": 110, ""RPG"": 104, ""Action"": 100, ""MMORPG"": 94, ""Action RPG"": 91, ""Action Roguelike"": 84, ""Tactical RPG"": 79, ""2D"": 78, ""Colorful"": 76, ""Cute"": 71, ""Horror"": 68, ""Comedy"": 63, ""Medieval"": 58, ""Atmospheric"": 54, ""Illuminati"": 53}"
339090,Pig Eat Ball,"Sep 26, 2018",2018-09-26,USD,1499,1499,0,$14.99,Mommy's Best Games,Mommy's Best Games,https://store.steampowered.com/app/339090/,"20,000 .. 50,000",0,0,0,0,0,,1499,1499,0,"Adventure, Indie","{""Arcade"": 147, ""Adventure"": 142, ""Puzzle"": 140, ""Action-Adventure"": 136, ""Cute"": 133, ""Retro"": 122, ""Pixel Graphics"": 120, ""Comedy"": 120, ""2D"": 116, ""Action"": 114, ""Surreal"": 113, ""Soundtrack"": 110, ""4 Player Local"": 103, ""Casual"": 100, ""Controller"": 92, ""Metroidvania"": 90, ""Side Scroller"": 87, ""Cartoony"": 78, ""Funny"": 72, ""Fantasy"": 72}"
339110,Plith,"Jun 2, 2016",2016-06-02,USD,299,299,0,$2.99,Ya2,Flying Interactive,https://store.steampowered.com/app/339110/,"0 .. 20,000",0,0,0,0,0,,299,299,0,"Casual, Indie","{""Indie"": 31, ""Casual"": 31, ""Puzzle"": 12, ""Singleplayer"": 11, ""Family Friendly"": 11}"
339250,Winged Sakura: Endless Dream,"Oct 6, 2017",2017-10-06,USD,999,999,0,$9.99,WINGED SAKURA GAMES,WINGED SAKURA GAMES,https://store.steampowered.com/app/339250/,"0 .. 20,000",2,0,0,0,0,,999,999,0,"Action, Indie, RPG, Strategy","{""Action Roguelike"": 36, ""Action"": 33, ""Strategy"": 31, ""RPG"": 31, ""Indie"": 30, ""Anime"": 20, ""2D"": 19, ""Female Protagonist"": 17, ""Tower Defense"": 15, ""Rogue-lite"": 13, ""Singleplayer"": 13, ""Fast-Paced"": 12, ""Difficult"": 11, ""Resource Management"": 10, ""Survival"": 10, ""Rogue-like"": 8}"
339580,Ember,"Sep 9, 2016",2016-09-09,USD,999,999,0,$9.99,N-Fusion Interactive,505 Games,https://store.steampowered.com/app/339580/,"200,000 .. 500,000",1,0,0,0,0,,999,999,0,"Adventure, Indie, RPG, Strategy","{""RPG"": 73, ""Adventure"": 68, ""Indie"": 53, ""Fantasy"": 53, ""Action RPG"": 42, ""Isometric"": 37, ""Singleplayer"": 35, ""Hack and Slash"": 28, ""Strategy"": 26, ""Story Rich"": 24, ""Loot"": 21, ""CRPG"": 16, ""Action-Adventure"": 15, ""Real-Time with Pause"": 12, ""Action"": 11, ""Beautiful"": 10, ""Classic"": 10, ""Epic"": 9}"
339590,Crowman & Wolfboy,"Jun 2, 2017",2017-06-02,USD,99,99,0,$0.99,Wither Studios,"Wither Studios, LLC",https://store.steampowered.com/app/339590/,"20,000 .. 50,000",0,0,0,0,0,,99,99,0,"Action, Adventure, Casual, Indie","{""Indie"": 34, ""Action"": 25, ""Adventure"": 25, ""Casual"": 23, ""Platformer"": 10}"
339710,Cyber Chicken,"Nov 23, 2016",2016-11-23,USD,99,99,0,$0.99,WHOA!,Groupees Interactive,https://store.steampowered.com/app/339710/,"0 .. 20,000",0,0,0,0,0,,99,99,0,"Action, Adventure, Indie","{""Action"": 45, ""Indie"": 43, ""Adventure"": 32, ""Side Scroller"": 14, ""2.5D"": 14}"
339720,Debugger 3.16: Hack'n'Run,"Feb 22, 2018",2018-02-22,USD,299,299,0,$2.99,Spiderwork Games,Spiderwork Games,https://store.steampowered.com/app/339720/,"0 .. 20,000",0,0,0,0,0,,299,299,0,Indie,"{""Indie"": 31, ""Programming"": 11, ""Hacking"": 11, ""Puzzle-Platformer"": 11, ""Platformer"": 10, ""Action-Adventure"": 10}"
339740,SuiCats,"Oct 19, 2023",2023-10-19,USD,199,199,0,$1.99,Beza's Workshop,Beza's Workshop,https://store.steampowered.com/app/339740/,"0 .. 20,000",2,0,0,0,0,,199,199,0,"Casual, Indie","{""Casual"": 255, ""Arcade"": 229, ""Puzzle"": 225, ""Match 3"": 216, ""Time Management"": 210, ""Puzzle-Platformer"": 200, ""2D"": 196, ""Colorful"": 188, ""Minimalist"": 178, ""Stylized"": 170, ""Cute"": 162, ""Cats"": 148, ""Building"": 146, ""Nature"": 130, ""Relaxing"": 116, ""Funny"": 100, ""Base-Building"": 81, ""Physics"": 66, ""Controller"": 46, ""Female Protagonist"": 28}"
339830,The Church in the Darkness ™,"Aug 2, 2019",2019-08-02,USD,1999,1999,0,$19.99,Paranoid Productions,Fellow Traveller,https://store.steampowered.com/app/339830/,"20,000 .. 50,000",0,0,0,0,0,,199,1999,90,"Action, Adventure, Indie","{""Action"": 56, ""Indie"": 55, ""Adventure"": 53, ""Violent"": 44, ""Choices Matter"": 32, ""Stealth"": 31, ""Multiple Endings"": 29, ""Dark"": 29, ""Story Rich"": 27, ""Exploration"": 26, ""Singleplayer"": 26, ""Alternate History"": 26, ""Mystery"": 25, ""Atmospheric"": 24, ""Stylized"": 24, ""Great Soundtrack"": 24, ""Open World"": 23, ""Rogue-lite"": 22, ""Psychological Horror"": 22, ""Action-Adventure"": 21}"
340000,Headlander,"Jul 25, 2016",2016-07-25,USD,1999,1999,0,$19.99,Double Fine Productions,Adult Swim Games,https://store.steampowered.com/app/340000/,"100,000 .. 200,000",0,0,0,0,0,,1999,1999,0,Action,"{""Sci-fi"": 47, ""Action"": 42, ""Metroidvania"": 34, ""Platformer"": 32, ""Comedy"": 25, ""Side Scroller"": 19, ""Funny"": 13, ""Retro"": 12, ""Great Soundtrack"": 11, ""Space"": 6, ""Singleplayer"": 5, ""Bullet Hell"": 5}"
340020,NoseBound,"Dec 9, 2024",2024-12-09,USD,1499,1499,0,$14.99,Quarantine Interactive,Plug In Digital,https://store.steampowered.com/app/340020/,"0 .. 20,000",1,0,0,0,0,,674,1499,55,"Adventure, Indie","{""Adventure"": 76, ""Indie"": 41, ""Violent"": 32, ""Gore"": 31, ""Point & Click"": 15, ""Noir"": 14, ""Horror"": 13, ""Detective"": 13, ""Psychological Horror"": 12, ""Thriller"": 12, ""Puzzle"": 12, ""Mystery"": 12, ""Lovecraftian"": 12, ""Story Rich"": 11, ""Great Soundtrack"": 11, ""Atmospheric"": 11, ""2.5D"": 11, ""Mature"": 11, ""Sexual Content"": 11, ""Philosophical"": 11}"
340030,Dungeon of gain,"Jun 23, 2016",2016-06-23,USD,499,499,0,$4.99,Defroids team,Volens Nolens Games,https://store.steampowered.com/app/340030/,"50,000 .. 100,000",1,0,0,0,0,,499,499,0,"Indie, RPG","{""RPG"": 33, ""Indie"": 22, ""Rogue-like"": 14, ""Procedural Generation"": 11, ""Rogue-lite"": 10}"
340150,Basement,"Nov 10, 2019",2019-11-10,USD,1999,1999,0,$19.99,Halfbus,Halfbus,https://store.steampowered.com/app/340150/,"100,000 .. 200,000",3,0,0,0,0,,1999,1999,0,"Indie, Simulation, Strategy","{""Management"": 220, ""Strategy"": 218, ""Crime"": 213, ""Simulation"": 207, ""Base-Building"": 204, ""Resource Management"": 190, ""Building"": 186, ""Difficult"": 180, ""Dark Comedy"": 175, ""Sandbox"": 174, ""Pixel Graphics"": 170, ""Great Soundtrack"": 155, ""2D"": 153, ""RTS"": 152, ""Singleplayer"": 146, ""1990's"": 134, ""Indie"": 129, ""Economy"": 79, ""Dark Humor"": 77, ""Action"": 71}"
340210,Predestination,"Feb 26, 2019",2019-02-26,USD,2999,2999,0,$29.99,Brain and Nerd Ltd,Brain and Nerd Ltd,https://store.steampowered.com/app/340210/,"0 .. 20,000",0,0,0,0,0,,2999,2999,0,"Indie, Strategy","{""Strategy"": 37, ""Indie"": 34, ""4X"": 21, ""Space"": 21, ""Turn-Based"": 18, ""Sci-fi"": 14, ""Turn-Based Strategy"": 12, ""Early Access"": 5}"
340440,Grand Class Melee 2,"Jul 20, 2018",2018-07-20,USD,499,499,0,$4.99,Ogopogoid Entertainment,Ogopogoid Entertainment,https://store.steampowered.com/app/340440/,"0 .. 20,000",0,0,0,0,0,,499,499,0,"Action, Indie, RPG, Strategy","{""Action"": 156, ""Indie"": 150, ""Local Multiplayer"": 146, ""Top-Down"": 142, ""Class-Based"": 139, ""Strategy"": 136, ""4 Player Local"": 132, ""Pixel Graphics"": 128, ""RPG"": 125, ""Local Co-Op"": 123, ""Arcade"": 121, ""Procedural Generation"": 119, ""Colorful"": 117, ""2D"": 111, ""Competitive"": 109, ""Fantasy"": 107, ""Replay Value"": 100, ""Swordplay"": 87, ""Magic"": 85, ""Anime"": 82}"
340500,The Warriorlock,"Sep 13, 2018",2018-09-13,USD,199,199,0,$1.99,Fellstrike Games,Fellstrike Games,https://store.steampowered.com/app/340500/,"0 .. 20,000",0,0,0,0,0,,199,199,0,"Adventure, Casual, RPG, Strategy","{""Strategy"": 31, ""Adventure"": 31, ""RPG"": 31, ""Casual"": 31, ""Sexual Content"": 19, ""RPGMaker"": 17, ""Dungeon Crawler"": 12, ""2D"": 12, ""Narration"": 11, ""Demons"": 11, ""Linear"": 11, ""Dark Humor"": 11, ""Mature"": 11, ""Story Rich"": 11, ""Dark Fantasy"": 11, ""Atmospheric"": 11, ""Funny"": 11, ""Dragons"": 11, ""Old School"": 11, ""Party-Based RPG"": 10}"
340560,Wanted Corp.,"Dec 8, 2016",2016-12-08,USD,1199,1199,0,$11.99,Eko Software,Eko Software,https://store.steampowered.com/app/340560/,"0 .. 20,000",0,0,0,0,0,,1199,1199,0,Action,"{""Action"": 32, ""Online Co-Op"": 14, ""Local Co-Op"": 11, ""Twin Stick Shooter"": 5}"
340580,Armed with Wings: Rearmed,"Jun 1, 2017",2017-06-01,USD,999,999,0,$9.99,Sun-Studios,Sun-Studios,https://store.steampowered.com/app/340580/,"50,000 .. 100,000",1,0,0,0,0,,999,999,0,"Action, Indie","{""Action"": 50, ""Indie"": 48, ""2D"": 33, ""Hack and Slash"": 33, ""Swordplay"": 31, ""Stylized"": 26, ""Platformer"": 24, ""Side Scroller"": 22, ""Puzzle-Platformer"": 22, ""Ninja"": 20, ""Beat 'em up"": 20, ""Singleplayer"": 20, ""Fantasy"": 19, ""Assassin"": 19, ""2D Fighter"": 16, ""Remake"": 14, ""Early Access"": 5}"
341000,Mad Games Tycoon,"Sep 13, 2016",2016-09-13,USD,1499,1499,0,$14.99,Eggcode,Eggcode,https://store.steampowered.com/app/341000/,"500,000 .. 1,000,000",5,0,0,0,0,,1499,1499,0,"Casual, Indie, Simulation, Strategy","{""Management"": 273, ""Simulation"": 214, ""Strategy"": 179, ""Economy"": 179, ""Casual"": 171, ""Building"": 167, ""GameMaker"": 160, ""Base-Building"": 156, ""Sandbox"": 148, ""Resource Management"": 147, ""Crafting"": 142, ""Capitalism"": 140, ""Trading"": 137, ""Replay Value"": 134, ""Programming"": 134, ""Atmospheric"": 131, ""Singleplayer"": 130, ""Isometric"": 128, ""Cartoon"": 125, ""Top-Down"": 123}"
341040,Wars Across The World,"May 4, 2017",2017-05-04,USD,999,999,0,$9.99,Strategiae,Plug In Digital; Avalon Digital,https://store.steampowered.com/app/341040/,"20,000 .. 50,000",0,0,0,0,0,,999,999,0,"Indie, Strategy","{""Indie"": 42, ""Strategy"": 41, ""Board Game"": 21, ""Turn-Based"": 13, ""Turn-Based Strategy"": 10, ""Historical"": 9}"
341170,Adventures of Chris,"Oct 8, 2020",2020-10-08,USD,1499,1499,0,$14.99,"Guin Entertainment, LLC",Graffiti Games,https://store.steampowered.com/app/341170/,"20,000 .. 50,000",0,0,0,0,0,,1499,1499,0,"Action, Adventure, Indie","{""Action"": 54, ""Adventure"": 53, ""Indie"": 53, ""Platformer"": 35, ""1990's"": 32, ""2D"": 24, ""Great Soundtrack"": 24, ""Comedy"": 24, ""Metroidvania"": 23, ""Story Rich"": 21, ""Cartoon"": 21, ""Hand-drawn"": 21, ""Singleplayer"": 13, ""Family Friendly"": 13, ""Funny"": 12, ""Cartoony"": 12, ""Remake"": 12, ""Exploration"": 11}"
341290,Lazors,"Sep 25, 2016",2016-09-25,USD,499,499,0,$4.99,Pyrosphere,Pyrosphere,https://store.steampowered.com/app/341290/,"0 .. 20,000",0,0,0,0,0,,499,499,0,"Casual, Indie","{""Casual"": 23, ""Indie"": 21, ""Puzzle"": 7}"
341710,Crest - an indirect god sim,"Mar 8, 2018",2018-03-08,USD,999,999,0,$9.99,Eat Create Sleep,Eat Create Sleep,https://store.steampowered.com/app/341710/,"20,000 .. 50,000",0,0,0,0,0,,999,999,0,"Casual, Indie, Simulation, Strategy","{""God Game"": 201, ""Simulation"": 194, ""Indie"": 191, ""Strategy"": 188, ""Casual"": 185, ""Nature"": 179, ""Singleplayer"": 175, ""Sandbox"": 169, ""Survival"": 161, ""Atmospheric"": 156, ""Open World"": 152, ""Procedural Generation"": 147, ""Resource Management"": 142, ""Base-Building"": 137, ""Artificial Intelligence"": 133, ""Early Access"": 127, ""Real-Time"": 121, ""Great Soundtrack"": 115, ""3D"": 103, ""Stylized"": 100}"
342080,Rogue Invader,"Dec 15, 2021",2021-12-15,USD,999,999,0,$9.99,Squishy Games,Squishy Games,https://store.steampowered.com/app/342080/,"50,000 .. 100,000",0,0,0,0,0,,999,999,0,"Action, Indie","{""Action"": 437, ""Singleplayer"": 422, ""Rogue-lite"": 413, ""Sci-fi"": 409, ""Shooter"": 403, ""Pixel Graphics"": 390, ""Stylized"": 384, ""Aliens"": 377, ""Side Scroller"": 368, ""Isometric"": 356, ""Perma Death"": 345, ""Gun Customization"": 334, ""Inventory Management"": 320, ""Multiple Endings"": 308, ""Retro"": 294, ""Minimalist"": 277, ""Arcade"": 276, ""Space"": 258, ""Combat"": 239, ""1980s"": 218}"
342180,Arizona Sunshine®,"Dec 6, 2016",2016-12-06,USD,1999,1999,0,$19.99,Vertigo Games; Jaywalkers Interactive,Vertigo Games,https://store.steampowered.com/app/342180/,"500,000 .. 1,000,000",29,0,0,0,0,,1999,1999,0,"Action, Adventure, Indie","{""Action"": 368, ""VR"": 294, ""Zombies"": 252, ""Horror"": 221, ""Multiplayer"": 220, ""Survival"": 215, ""Co-op Campaign"": 212, ""Online Co-Op"": 202, ""Adventure"": 198, ""Gore"": 183, ""FPS"": 182, ""Shooter"": 179, ""First-Person"": 175, ""Survival Horror"": 172, ""Indie"": 156, ""Co-op"": 115, ""Open World"": 106, ""Violent"": 89, ""Singleplayer"": 78, ""Post-apocalyptic"": 70}"
342190,Skyworld,"Oct 17, 2017",2017-10-17,USD,1499,1499,0,$14.99,Vertigo Games; Wolfdog Interactive,Vertigo Games,https://store.steampowered.com/app/342190/,"20,000 .. 50,000",1,0,0,0,0,,1499,1499,0,"Indie, Strategy","{""Strategy"": 74, ""Indie"": 71, ""VR"": 30, ""Multiplayer"": 22, ""RTS"": 7}"
342310,RIOT: Civil Unrest,"Feb 12, 2019",2019-02-12,USD,1699,1699,0,$16.99,Leonard Menchiari; IV Productions; Ivan Venturi Productions,Silver Lining Interactive,https://store.steampowered.com/app/342310/,"100,000 .. 200,000",3,0,0,0,0,,1699,1699,0,"Indie, Simulation, Strategy","{""Strategy"": 98, ""Simulation"": 90, ""Indie"": 81, ""Pixel Graphics"": 79, ""Political Sim"": 64, ""Political"": 59, ""Action"": 40, ""2D"": 36, ""RTS"": 30, ""Historical"": 26, ""Violent"": 26, ""Multiplayer"": 22, ""Crime"": 18, ""Singleplayer"": 12, ""Early Access"": 11, ""Politics"": 7}"
342560,Airships: Conquer the Skies,"Aug 16, 2018",2018-08-16,USD,2499,2499,0,$24.99,David Stark,David Stark,https://store.steampowered.com/app/342560/,"200,000 .. 500,000",68,0,0,0,0,,2499,2499,0,"Action, Indie, Strategy","{""Vehicular Combat"": 259, ""4X"": 245, ""War"": 244, ""Moddable"": 240, ""Wargame"": 240, ""Building"": 236, ""Alternate History"": 230, ""PvP"": 228, ""Military"": 227, ""Grand Strategy"": 224, ""Naval Combat"": 217, ""Real-Time"": 210, ""Multiplayer"": 207, ""Tanks"": 203, ""Competitive"": 201, ""RTS"": 193, ""Mechs"": 185, ""2D"": 182, ""Steampunk"": 164, ""Strategy"": 153}"
342640,Pixel Privateers,"Feb 21, 2017",2017-02-21,USD,1499,1499,0,$14.99,Quadro Delta,Re-Logic,https://store.steampowered.com/app/342640/,"100,000 .. 200,000",0,0,0,0,0,,1499,1499,0,"Action, Adventure, Indie, RPG, Simulation","{""RPG"": 62, ""Indie"": 61, ""Action"": 52, ""Adventure"": 52, ""Simulation"": 40, ""Pixel Graphics"": 40, ""Loot"": 23, ""2D"": 21, ""Co-op"": 19, ""Sci-fi"": 14, ""Multiplayer"": 13, ""Tactical RPG"": 5}"
342660,Brawlerz Arena,"May 27, 2017",2017-05-27,USD,1499,1499,0,$14.99,Bail! Enemy Jet!,Bail! Enemy Jet!,https://store.steampowered.com/app/342660/,"0 .. 20,000",0,0,0,0,0,,1499,1499,0,"Action, Sports, Strategy, Early Access","{""Action"": 25, ""Early Access"": 23, ""Sports"": 22, ""Strategy"": 21, ""Racing"": 5}"
342910,Vantage: Primitive Survival Game,"Dec 2, 2021",2021-12-02,USD,1499,1499,0,$14.99,Crystal Dragon,Crystal Dragon,https://store.steampowered.com/app/342910/,"0 .. 20,000",0,0,0,0,0,,1499,1499,0,"Indie, Simulation","{""Simulation"": 204, ""Open World Survival Craft"": 198, ""Online Co-Op"": 195, ""Inventory Management"": 190, ""Immersive Sim"": 184, ""Crafting"": 179, ""Survival"": 177, ""Sandbox"": 173, ""Multiplayer"": 169, ""Singleplayer"": 166, ""Indie"": 164, ""Building"": 161, ""Exploration"": 159, ""Walking Simulator"": 154, ""3D"": 145, ""Historical"": 143, ""Open World"": 138, ""Nature"": 135, ""Farming"": 133, ""Casual"": 128}"
342940,Project: Gorgon,"Jan 28, 2026",2026-01-28,USD,2499,2499,0,$24.99,"Elder Game, LLC","Elder Game, LLC",https://store.steampowered.com/app/342940/,"20,000 .. 50,000",181,0,0,0,0,,2499,2499,0,"Indie, Massively Multiplayer, RPG","{""Massively Multiplayer"": 98, ""RPG"": 88, ""Indie"": 79, ""MMORPG"": 51, ""Early Access"": 42, ""Fantasy"": 27, ""Open World"": 22, ""Sandbox"": 20, ""Crafting"": 15, ""Adventure"": 11, ""Sexual Content"": 11}"
342970,Pixel Survivors,"May 5, 2016",2016-05-05,USD,399,399,0,$3.99,Patagoniart,Patagoniart,https://store.steampowered.com/app/342970/,"50,000 .. 100,000",0,0,0,0,0,,399,399,0,"Casual, Indie, Simulation, Strategy","{""Simulation"": 49, ""Strategy"": 27, ""Casual"": 27, ""Indie"": 24, ""Resource Management"": 14, ""Zombies"": 13, ""Management"": 13, ""Fantasy"": 12, ""Pixel Graphics"": 12, ""Singleplayer"": 12, ""War"": 11, ""Medieval"": 11, ""Cartoony"": 11, ""Pirates"": 10}"
343160,Reef Defense,"Jun 20, 2025",2025-06-20,USD,1499,1499,0,$14.99,Swift Creek Games,Swift Creek Games,https://store.steampowered.com/app/343160/,"0 .. 20,000",0,0,0,0,0,,1499,1499,0,"Indie, Simulation, Strategy",
343860,Tacoma,"Aug 1, 2017",2017-08-01,USD,1999,1999,0,$19.99,Fullbright,Fullbright; Serenity Forge,https://store.steampowered.com/app/343860/,"200,000 .. 500,000",1,0,0,0,0,,1999,1999,0,"Adventure, Indie","{""Walking Simulator"": 131, ""Story Rich"": 116, ""Adventure"": 115, ""Sci-fi"": 114, ""Indie"": 99, ""Space"": 96, ""Female Protagonist"": 95, ""Exploration"": 84, ""First-Person"": 83, ""Atmospheric"": 69, ""Mystery"": 66, ""Singleplayer"": 65, ""Short"": 52, ""Futuristic"": 44, ""LGBTQ+"": 39, ""Cyberpunk"": 31, ""Narrative"": 22, ""Casual"": 19, ""Great Soundtrack"": 16, ""Illuminati"": 8}"
344240,Man O' War: Corsair - Warhammer Naval Battles (Classic),"Apr 19, 2017",2017-04-19,USD,1999,1999,0,$19.99,Evil Twin Artworks,SNEG,https://store.steampowered.com/app/344240/,"0 .. 20,000",0,0,0,0,0,,1999,1999,0,"Action, Adventure, Indie, RPG, Strategy","{""Games Workshop"": 58, ""Adventure"": 56, ""Naval"": 52, ""Action"": 51, ""Pirates"": 51, ""Indie"": 48, ""Open World"": 42, ""Strategy"": 35, ""RPG"": 34, ""Naval Combat"": 28, ""Singleplayer"": 25, ""Early Access"": 17, ""Fantasy"": 13}"
344740,CRYPTARK,"Jun 20, 2017",2017-06-20,USD,1499,1499,0,$14.99,Alientrap,Alientrap,https://store.steampowered.com/app/344740/,"200,000 .. 500,000",7,0,0,0,0,,1499,1499,0,"Action, Adventure, Indie, Strategy","{""Action Roguelike"": 72, ""Action"": 69, ""Indie"": 53, ""Strategy"": 46, ""Adventure"": 46, ""Rogue-lite"": 39, ""Twin Stick Shooter"": 35, ""Space"": 33, ""Mechs"": 30, ""Sci-fi"": 29, ""2D"": 28, ""Rogue-like"": 21, ""Bullet Hell"": 21, ""Procedural Generation"": 18, ""Great Soundtrack"": 16, ""Shooter"": 15, ""Difficult"": 15, ""Singleplayer"": 11, ""Local Co-Op"": 10, ""Co-op"": 9}"
345020,Feeble Origins: Path of a Hero,"Feb 25, 2019",2019-02-25,USD,999,999,0,$9.99,Wasatch Games,Wasatch Games,https://store.steampowered.com/app/345020/,"20,000 .. 50,000",0,0,0,0,0,,649,999,35,"Action, Adventure, Indie, RPG, Early Access","{""Action"": 31, ""Adventure"": 31, ""RPG"": 29, ""Early Access"": 20, ""Singleplayer"": 11, ""Indie"": 10, ""Fantasy"": 10, ""Third Person"": 10, ""Exploration"": 10, ""Medieval"": 10, ""Top-Down"": 10}"
345230,The Dark Inside Me,"Jun 6, 2018",2018-06-06,USD,599,599,0,$5.99,Akçay Karaazmak,Akçay Karaazmak,https://store.steampowered.com/app/345230/,"0 .. 20,000",0,0,0,0,0,,599,599,0,"Adventure, Indie","{""Adventure"": 37, ""Indie"": 36, ""Mature"": 36, ""Sexual Content"": 34, ""Horror"": 33, ""Nudity"": 33, ""Gore"": 29, ""Dark"": 27, ""Violent"": 26, ""Point & Click"": 23, ""Atmospheric"": 21, ""Story Rich"": 20, ""Psychological Horror"": 19, ""Blood"": 19, ""Great Soundtrack"": 18, ""Singleplayer"": 18, ""Psychological"": 18, ""Mystery"": 16, ""Third Person"": 15, ""Exploration"": 15}"
345430,The Cursed Forest,"Feb 26, 2019",2019-02-26,USD,1399,1399,0,$13.99,KPy3O; Noostyche,Grable Team,https://store.steampowered.com/app/345430/,"20,000 .. 50,000",0,0,0,0,0,,1399,1399,0,"Adventure, Indie","{""Walking Simulator"": 143, ""Atmospheric"": 137, ""Adventure"": 134, ""Nature"": 133, ""Exploration"": 128, ""Relaxing"": 122, ""Surreal"": 116, ""Drama"": 114, ""Realistic"": 109, ""Dark Humor"": 105, ""Funny"": 102, ""Dark"": 96, ""Mystery"": 92, ""Story Rich"": 87, ""Horror"": 82, ""Indie"": 78, ""First-Person"": 75, ""Supernatural"": 72, ""Singleplayer"": 68, ""Linear"": 62}"
345480,Lumo,"May 24, 2016",2016-05-24,USD,399,399,0,$3.99,Triple Eh? Ltd,Triple Eh? Ltd,https://store.steampowered.com/app/345480/,"20,000 .. 50,000",0,0,0,0,0,,399,399,0,"Adventure, Indie","{""Indie"": 47, ""Adventure"": 45, ""Retro"": 17, ""Puzzle-Platformer"": 17, ""Isometric"": 16, ""Action-Adventure"": 14, ""Platformer"": 5}"
345620,The Labyrinth of Grisaia,"Jun 22, 2016",2016-06-22,USD,1499,2999,50,$14.99,Frontwing,Frontwing USA,https://store.steampowered.com/app/345620/,"0 .. 20,000",1,0,0,0,0,,1499,2999,50,"Adventure, Casual","{""Visual Novel"": 115, ""Anime"": 104, ""Adventure"": 87, ""Story Rich"": 86, ""Casual"": 82, ""Sexual Content"": 77, ""Nudity"": 71, ""Violent"": 66, ""Romance"": 59, ""Mature"": 53, ""Cute"": 52, ""Singleplayer"": 48, ""Dating Sim"": 45, ""2D"": 43, ""Drama"": 39, ""Sequel"": 36, ""Great Soundtrack"": 13}"
345630,The Eden of Grisaia,"Apr 28, 2017",2017-04-28,USD,1499,2999,50,$14.99,Frontwing,Frontwing USA,https://store.steampowered.com/app/345630/,"0 .. 20,000",2,0,0,0,0,,2999,2999,0,"Action, Adventure, Casual","{""Visual Novel"": 161, ""Adventure"": 153, ""Casual"": 150, ""Anime"": 147, ""Story Rich"": 143, ""Sexual Content"": 138, ""Cute"": 136, ""Nudity"": 133, ""Violent"": 124, ""Comedy"": 123, ""Romance"": 115, ""Mature"": 110, ""Psychological"": 101, ""Multiple Endings"": 92, ""Singleplayer"": 85, ""Funny"": 79, ""Emotional"": 72, ""Sequel"": 66, ""Action"": 52, ""Gore"": 20}"
345690,Crash Dummy,"Feb 28, 2019",2019-02-28,USD,799,799,0,$7.99,Twelve Games,Funbox Media Ltd,https://store.steampowered.com/app/345690/,"0 .. 20,000",0,0,0,0,0,,799,799,0,"Action, Indie","{""Action"": 23, ""Indie"": 22, ""Platformer"": 7}"
346010,Besiege,"Feb 18, 2020",2020-02-18,USD,1499,1499,0,$14.99,Spiderling Studios,Spiderling Studios,https://store.steampowered.com/app/346010/,"1,000,000 .. 2,000,000",243,0,0,0,0,,1499,1499,0,"Indie, Simulation","{""Simulation"": 1400, ""Sandbox"": 1394, ""Destruction"": 1386, ""Physics"": 1383, ""Medieval"": 1383, ""Building"": 1368, ""Moddable"": 1368, ""Real-Time with Pause"": 1228, ""Multiplayer"": 1227, ""Puzzle"": 1217, ""Flight"": 1212, ""Replay Value"": 1208, ""Logic"": 1203, ""PvE"": 1043, ""Robots"": 1032, ""Level Editor"": 1030, ""Vehicular Combat"": 1025, ""LEGO"": 1022, ""Naval Combat"": 1021, ""Dark Humor"": 1013}"
346110,ARK: Survival Evolved,"Aug 27, 2017",2017-08-27,USD,1499,1499,0,$14.99,Studio Wildcard; Instinct Games; Efecto Studios; Virtual Basement LLC,Studio Wildcard; Snail Games USA,https://store.steampowered.com/app/346110/,"20,000,000 .. 50,000,000",22170,0,0,0,0,,1499,1499,0,"Action, Adventure, Indie, Massively Multiplayer, RPG","{""Open World Survival Craft"": 12961, ""Survival"": 12273, ""Multiplayer"": 9699, ""Open World"": 9550, ""Dinosaurs"": 9172, ""Crafting"": 7822, ""Building"": 7492, ""Adventure"": 6602, ""Base-Building"": 5996, ""Co-op"": 5532, ""Action"": 4901, ""Sandbox"": 4490, ""First-Person"": 4488, ""Massively Multiplayer"": 4291, ""Singleplayer"": 4081, ""Early Access"": 3458, ""RPG"": 3271, ""Dragons"": 3262, ""Sci-fi"": 2659, ""Indie"": 2144}"
346460,Vector 36,"Jan 25, 2017",2017-01-25,USD,1099,1099,0,$10.99,Red River Studio,Red River Studio,https://store.steampowered.com/app/346460/,"0 .. 20,000",0,0,0,0,0,,1099,1099,0,"Action, Indie, Racing, Simulation","{""Combat Racing"": 159, ""Racing"": 153, ""Building"": 149, ""Driving"": 145, ""Space"": 141, ""PvP"": 135, ""Physics"": 133, ""Difficult"": 131, ""Space Sim"": 131, ""Automobile Sim"": 127, ""First-Person"": 123, ""VR"": 112, ""Action"": 102, ""Simulation"": 100, ""Sci-fi"": 92, ""Family Friendly"": 86, ""Atmospheric"": 84, ""Multiplayer"": 76, ""Singleplayer"": 66, ""Indie"": 55}"
346500,Road Scars: Origins,"Apr 3, 2018",2018-04-03,USD,499,499,0,$4.99,NukGames,NukGames,https://store.steampowered.com/app/346500/,"100,000 .. 200,000",0,0,0,0,0,,499,499,0,"Action, Adventure, Indie, Racing","{""Racing"": 33, ""Adventure"": 32, ""Action"": 32, ""Indie"": 31, ""Retro"": 13, ""Arcade"": 12, ""Motorbike"": 11, ""Bikes"": 11, ""Runner"": 11, ""Score Attack"": 11, ""Top-Down"": 11, ""Replay Value"": 11, ""Singleplayer"": 11, ""Pixel Graphics"": 11, ""2D"": 11, ""Story Rich"": 11, ""Fast-Paced"": 11, ""Music"": 11, ""Casual"": 11, ""Emotional"": 10}"
346820,Crash Drive 3,"Jul 8, 2021",2021-07-08,USD,1999,1999,0,$19.99,M2H,M2H,https://store.steampowered.com/app/346820/,"0 .. 20,000",3,0,0,0,0,,1999,1999,0,"Action, Casual, Indie, Racing","{""Racing"": 370, ""Multiplayer"": 342, ""Open World"": 341, ""Sandbox"": 341, ""Action"": 333, ""Exploration"": 333, ""Vehicular Combat"": 323, ""Combat Racing"": 323, ""Casual"": 319, ""Tanks"": 318, ""Colorful"": 304, ""Cute"": 301, ""Offroad"": 294, ""Skating"": 282, ""PvP"": 279, ""Combat"": 272, ""Indie"": 272, ""Driving"": 270, ""Family Friendly"": 261, ""Relaxing"": 259}"
347000,InnerSpace,"Jan 16, 2018",2018-01-16,USD,1999,1999,0,$19.99,PolyKnight Games,Aspyr,https://store.steampowered.com/app/347000/,"50,000 .. 100,000",0,0,0,0,0,,1999,1999,0,"Adventure, Indie","{""Exploration"": 43, ""Adventure"": 42, ""Indie"": 41, ""Flight"": 38, ""Relaxing"": 33, ""Open World"": 31, ""Nature"": 28, ""Atmospheric"": 22, ""Controller"": 19, ""Singleplayer"": 18, ""Great Soundtrack"": 17, ""Colorful"": 17, ""Stylized"": 16, ""Family Friendly"": 15, ""Fantasy"": 15, ""Difficult"": 14, ""Music"": 14, ""Nonlinear"": 13, ""Walking Simulator"": 12}"
347170,Combat Air Patrol 2: Military Flight Simulator,"Jun 6, 2016",2016-06-06,USD,2249,2999,25,$22.49,Sim155 Limited,MicroProse Software,https://store.steampowered.com/app/347170/,"20,000 .. 50,000",0,0,0,0,0,,2249,2999,25,"Action, Adventure, Indie, Simulation, Strategy, Early Access","{""Early Access"": 279, ""Flight"": 253, ""VR"": 252, ""Simulation"": 247, ""Military"": 242, ""Strategy"": 233, ""Action"": 227, ""War"": 226, ""Realistic"": 224, ""Shooter"": 220, ""Open World"": 214, ""First-Person"": 211, ""Immersive Sim"": 209, ""Vehicular Combat"": 208, ""Tactical"": 199, ""Wargame"": 189, ""Jet"": 180, ""Naval"": 170, ""Combat"": 166, ""Tanks"": 164}"
347280,A Quiver of Crows,"Oct 19, 2016",2016-10-19,USD,1499,1499,0,$14.99,Sheado.net,Sheado.net,https://store.steampowered.com/app/347280/,"0 .. 20,000",0,0,0,0,0,,1499,1499,0,"Action, Indie","{""Difficult"": 113, ""Shoot 'Em Up"": 108, ""Twin Stick Shooter"": 104, ""Local Co-Op"": 101, ""Dark Fantasy"": 98, ""Indie"": 92, ""Controller"": 90, ""2D"": 86, ""Singleplayer"": 82, ""Action"": 79, ""Shooter"": 77, ""Local Multiplayer"": 74, ""Supernatural"": 68, ""Demons"": 65, ""Atmospheric"": 55, ""Side Scroller"": 48, ""Stylized"": 43, ""Dark"": 39, ""Gothic"": 34, ""Co-op"": 29}"
347290,Rise & Shine,"Jan 13, 2017",2017-01-13,USD,999,999,0,$9.99,Super Mega Team,Adult Swim Games,https://store.steampowered.com/app/347290/,"50,000 .. 100,000",0,0,0,0,0,,999,999,0,"Action, Indie","{""Side Scroller"": 172, ""2D Platformer"": 168, ""Bullet Hell"": 163, ""Twin Stick Shooter"": 160, ""Shoot 'Em Up"": 158, ""Difficult"": 151, ""Platformer"": 149, ""Shooter"": 144, ""Arcade"": 142, ""2D"": 140, ""Dark Humor"": 138, ""Post-apocalyptic"": 137, ""Bullet Time"": 130, ""Linear"": 123, ""Action"": 117, ""Cartoony"": 114, ""Colorful"": 109, ""War"": 101, ""Cartoon"": 87, ""Combat"": 79}"
347330,HeartZ: Co-Hope Puzzles,"Jun 7, 2016",2016-06-07,USD,999,999,0,$9.99,Upper Byte,Spawn Digital,https://store.steampowered.com/app/347330/,"0 .. 20,000",0,0,0,0,0,,999,999,0,"Action, Adventure, Indie","{""Action"": 21, ""Adventure"": 21, ""Indie"": 21, ""Puzzle"": 8, ""Local Co-Op"": 5, ""Puzzle-Platformer"": 5}"
347600,Total Miner,"Dec 23, 2017",2017-12-23,USD,299,299,0,$2.99,Brandon Moore,Brandon Moore,https://store.steampowered.com/app/347600/,"100,000 .. 200,000",4,0,0,0,0,,299,299,0,"Action, Adventure, Indie, RPG, Early Access","{""Open World Survival Craft"": 172, ""Early Access"": 164, ""Sandbox"": 161, ""Multiplayer"": 157, ""Singleplayer"": 154, ""Indie"": 146, ""Action"": 143, ""Exploration"": 140, ""RPG"": 136, ""Adventure"": 134, ""Open World"": 132, ""Programming"": 128, ""Voxel"": 124, ""Building"": 122, ""Survival"": 118, ""First-Person"": 112, ""Replay Value"": 107, ""Crafting"": 95, ""Mining"": 92, ""3D"": 84}"
347660,Caromble!,"Apr 22, 2026",2026-04-22,USD,1299,1299,0,$12.99,Crimson Owl Studios,Crimson Owl Studios,https://store.steampowered.com/app/347660/,"0 .. 20,000",0,0,0,0,0,,1299,1299,0,"Action, Casual, Indie","{""Early Access"": 259, ""Arcade"": 235, ""Pinball"": 229, ""Action"": 226, ""Physics"": 223, ""Indie"": 219, ""Precision Platformer"": 211, ""Steampunk"": 204, ""Puzzle-Platformer"": 202, ""Score Attack"": 201, ""Casual"": 198, ""Bullet Time"": 192, ""3D"": 181, ""2.5D"": 168, ""Destruction"": 160, ""Retro"": 158, ""Old School"": 151, ""3D Platformer"": 147, ""Platformer"": 141, ""Remake"": 139}"
347800,Ghost Song,"Nov 3, 2022",2022-11-03,USD,1999,1999,0,$19.99,Old Moon,Balor Games,https://store.steampowered.com/app/347800/,"200,000 .. 500,000",1,0,0,0,0,,1999,1999,0,"Action, Adventure, Indie, RPG","{""Metroidvania"": 255, ""Sci-fi"": 239, ""2D"": 229, ""Action"": 224, ""Atmospheric"": 220, ""Platformer"": 219, ""Indie"": 205, ""Singleplayer"": 199, ""Adventure"": 196, ""Side Scroller"": 188, ""Dark"": 185, ""Hand-drawn"": 181, ""2D Platformer"": 168, ""Action-Adventure"": 166, ""Controller"": 157, ""Horror"": 155, ""Difficult"": 151, ""Robots"": 151, ""Female Protagonist"": 151, ""Post-apocalyptic"": 146}"
347940,Forsaken Isle,"Jul 18, 2025",2025-07-18,USD,1199,1199,0,$11.99,Smoodlez,Smoodlez,https://store.steampowered.com/app/347940/,"20,000 .. 50,000",2,0,0,0,0,,1199,1199,0,"Action, Adventure, Casual, Indie, RPG","{""Adventure"": 39, ""Survival"": 39, ""Pixel Graphics"": 36, ""Early Access"": 33, ""Crafting"": 32, ""Action"": 30, ""Indie"": 30, ""RPG"": 28, ""Casual"": 27, ""Sandbox"": 25, ""Singleplayer"": 12, ""2D"": 10, ""Building"": 7, ""Pirates"": 6}"
348160,RUMP! - It's a Jump and Rump!,"May 12, 2017",2017-05-12,USD,999,999,0,$9.99,Dedication Labs,Dedication Labs,https://store.steampowered.com/app/348160/,"0 .. 20,000",0,0,0,0,0,,999,999,0,"Action, Casual, Indie, Racing","{""Indie"": 25, ""Racing"": 25, ""Casual"": 24, ""Action"": 23}"
348570,Monster Minis Extreme Off-Road,"Aug 11, 2018",2018-08-11,USD,499,499,0,$4.99,Mindwedge,Mindwedge,https://store.steampowered.com/app/348570/,"0 .. 20,000",0,0,0,0,0,,499,499,0,"Indie, Racing, Simulation, Sports","{""Racing"": 23, ""Sports"": 22, ""Automobile Sim"": 22, ""Indie"": 21, ""Simulation"": 20, ""Driving"": 11}"
348740,Abyss Cave,"Dec 8, 2024",2024-12-08,USD,99,99,0,$0.99,Piao Jingfu,Piao Jingfu,https://store.steampowered.com/app/348740/,"20,000 .. 50,000",0,0,0,0,0,,99,99,0,"Action, Adventure, Indie, Strategy","{""Strategy"": 22, ""Action"": 21, ""Adventure"": 21, ""Indie"": 21, ""Tower Defense"": 5}"
348810,M4 Tank Brigade,"Mar 26, 2018",2018-03-26,USD,1999,1999,0,$19.99,iEntertainment Network Inc,iEntertainment Network Inc,https://store.steampowered.com/app/348810/,"0 .. 20,000",0,0,0,0,0,,1999,1999,0,"Action, Massively Multiplayer, Simulation","{""Simulation"": 155, ""Action"": 149, ""Massively Multiplayer"": 146, ""Tanks"": 143, ""World War II"": 138, ""Military"": 132, ""MMORPG"": 129, ""Multiplayer"": 126, ""Strategy"": 121, ""Shooter"": 115, ""Life Sim"": 112, ""Flight"": 110, ""FPS"": 107, ""Immersive Sim"": 102, ""Wargame"": 99, ""3D"": 96, ""Controller"": 84, ""Combat"": 73, ""Vehicular Combat"": 71, ""Co-op"": 64}"
348910,Faerie Solitaire Harvest,"Apr 22, 2019",2019-04-22,USD,1499,1499,0,$14.99,Subsoap,Puppygames,https://store.steampowered.com/app/348910/,"0 .. 20,000",1,0,0,0,0,,1499,1499,0,"Adventure, Casual","{""Casual"": 129, ""Card Game"": 117, ""Relaxing"": 92, ""Family Friendly"": 79, ""Indie"": 68, ""Puzzle"": 62, ""Adventure"": 62, ""Fantasy"": 55, ""Mouse only"": 44, ""Colorful"": 44, ""Magic"": 40, ""Cute"": 40, ""Solitaire"": 36, ""Atmospheric"": 33, ""Great Soundtrack"": 29, ""Touch-Friendly"": 27, ""Board Game"": 20, ""Match 3"": 19, ""Lore-Rich"": 14}"
348930,Lone Wolf,"Dec 13, 2024",2024-12-13,USD,1999,1999,0,$19.99,Play-Em,Play-Em,https://store.steampowered.com/app/348930/,"20,000 .. 50,000",0,0,0,0,0,,1999,1999,0,"Action, Adventure, Indie, RPG","{""2.5D"": 144, ""Beat 'em up"": 138, ""Hack and Slash"": 135, ""Co-op"": 132, ""4 Player Local"": 129, ""Local Co-Op"": 123, ""Local Multiplayer"": 121, ""Singleplayer"": 119, ""Comic Book"": 117, ""Post-apocalyptic"": 115, ""Werewolves"": 114, ""Martial Arts"": 111, ""Hand-drawn"": 109, ""Action"": 107, ""Adventure"": 92, ""RPG"": 76, ""Arcade"": 59, ""Fighting"": 57, ""PvP"": 55, ""Action RPG"": 53}"
349250,Copy Kitty,"Apr 19, 2018",2018-04-19,USD,374,1499,75,$3.74,Nuclear Strawberry,KOMODO,https://store.steampowered.com/app/349250/,"20,000 .. 50,000",1,0,0,0,0,,374,1499,75,"Action, Indie","{""Action"": 86, ""Indie"": 78, ""Platformer"": 40, ""Level Editor"": 36, ""Great Soundtrack"": 35, ""Female Protagonist"": 35, ""2D"": 32, ""Robots"": 32, ""Colorful"": 30, ""Side Scroller"": 26, ""Cute"": 25, ""Futuristic"": 21, ""Sci-fi"": 21, ""Destruction"": 19, ""Arcade"": 19, ""Retro"": 18, ""Cats"": 16, ""Cyberpunk"": 14, ""Bullet Hell"": 11, ""Puzzle-Platformer"": 10}"
349270,Mosaic,"Dec 5, 2019",2019-12-05,USD,1999,1999,0,$19.99,Krillbite Studio,Raw Fury,https://store.steampowered.com/app/349270/,"0 .. 20,000",1,0,0,0,0,,1999,1999,0,"Adventure, Indie","{""Indie"": 164, ""Adventure"": 160, ""Atmospheric"": 46, ""Walking Simulator"": 39, ""Experience"": 38, ""Cinematic"": 38, ""Dark"": 31, ""Simulation"": 25, ""Short"": 23, ""Puzzle"": 7, ""Surreal"": 7, ""Psychological"": 5}"
349450,Dark Forester,"Jul 27, 2018",2018-07-27,USD,1499,1499,0,$14.99,Morozov Sergey,Morozov Sergey,https://store.steampowered.com/app/349450/,"0 .. 20,000",0,0,0,0,0,,1499,1499,0,"Indie, Massively Multiplayer, RPG, Strategy","{""RPG"": 24, ""Massively Multiplayer"": 23, ""Strategy"": 21, ""Indie"": 21}"
349470,Drift Stage,"Jan 13, 2023",2023-01-13,USD,999,999,0,$9.99,Super Systems Softworks,Super Systems Softworks,https://store.steampowered.com/app/349470/,"0 .. 20,000",0,0,0,0,0,,999,999,0,"Action, Indie, Racing, Early Access","{""Early Access"": 266, ""Driving"": 241, ""Game Development"": 231, ""Racing"": 229, ""Automobile Sim"": 227, ""Arcade"": 222, ""3D"": 215, ""PvP"": 212, ""Life Sim"": 208, ""Split Screen"": 204, ""Third Person"": 200, ""Controller"": 198, ""Action"": 190, ""Simulation"": 189, ""Colorful"": 180, ""Pixel Graphics"": 178, ""Time Management"": 171, ""Story Rich"": 166, ""2D"": 163, ""Female Protagonist"": 158}"
349710,Shwip,"Aug 3, 2021",2021-08-03,USD,499,499,0,$4.99,Jamhammer Games Inc.,Jamhammer Games Inc.,https://store.steampowered.com/app/349710/,"0 .. 20,000",0,0,0,0,0,,499,499,0,"Action, Casual, Indie","{""Indie"": 218, ""Action"": 212, ""Arcade"": 206, ""Shoot 'Em Up"": 203, ""Top-Down Shooter"": 197, ""Colorful"": 195, ""Local Multiplayer"": 193, ""Twin Stick Shooter"": 189, ""Early Access"": 189, ""Shooter"": 182, ""Bullet Hell"": 180, ""4 Player Local"": 174, ""Fast-Paced"": 169, ""Top-Down"": 162, ""2D"": 158, ""Minimalist"": 149, ""Pixel Graphics"": 145, ""Stylized"": 139, ""PvP"": 137, ""Bullet Time"": 123}"
349730,Popup Dungeon,"Aug 12, 2020",2020-08-12,USD,2499,2499,0,$24.99,Triple.B.Titles,Balor Games,https://store.steampowered.com/app/349730/,"50,000 .. 100,000",5,0,0,0,0,,2499,2499,0,"Indie, RPG, Strategy","{""RPG"": 67, ""Strategy"": 62, ""Indie"": 51, ""Dungeon Crawler"": 46, ""Turn-Based"": 42, ""Rogue-like"": 40, ""Tabletop"": 34, ""Moddable"": 33, ""Turn-Based Strategy"": 32, ""Turn-Based Tactics"": 32, ""Tactical RPG"": 30, ""Rogue-lite"": 30, ""Party-Based RPG"": 27, ""Fantasy"": 27, ""Sci-fi"": 25, ""Choices Matter"": 25, ""Story Rich"": 25, ""Tactical"": 25, ""Character Customization"": 23, ""Replay Value"": 17}"
350110,TransOcean 2: Rivals,"May 10, 2016",2016-05-10,USD,1999,1999,0,$19.99,Deck13 Hamburg,astragon Entertainment ,https://store.steampowered.com/app/350110/,"100,000 .. 200,000",11,0,0,0,0,,1999,1999,0,"Simulation, Strategy","{""Simulation"": 52, ""Economy"": 47, ""Management"": 42, ""Strategy"": 40, ""Multiplayer"": 28, ""Realistic"": 21, ""PvP"": 14, ""Singleplayer"": 10, ""Naval"": 8}"
350140,Majestic-12,"Apr 29, 2020",2020-04-29,USD,299,299,0,$2.99,Exis Games,Exis Games,https://store.steampowered.com/app/350140/,"0 .. 20,000",0,0,0,0,0,,299,299,0,"Action, Adventure, Indie","{""Action"": 56, ""Indie"": 56, ""Adventure"": 55, ""Side Scroller"": 11, ""Military"": 11}"
350200,Revolution 60,"Sep 6, 2016",2016-09-06,USD,999,999,0,$9.99,Giant Spacekat,Giant Spacekat,https://store.steampowered.com/app/350200/,"0 .. 20,000",0,0,0,0,0,,999,999,0,Adventure,"{""Memes"": 152, ""Walking Simulator"": 83, ""Adventure"": 79, ""Villain Protagonist"": 68, ""Typing"": 53, ""Casual"": 40, ""Quick-Time Events"": 31, ""Comedy"": 26, ""Dystopian "": 22, ""Survival Horror"": 20, ""Female Protagonist"": 20, ""Anime"": 18, ""Conspiracy"": 17, ""Short"": 15, ""Sexual Content"": 14, ""Gore"": 13, ""Crime"": 12, ""Indie"": 12, ""Sci-fi"": 9, ""Post-apocalyptic"": 9}"
350380,The Martian VR Experience,"Nov 15, 2016",2016-11-15,USD,499,499,0,$4.99,"The Third Floor, Inc; The Virtual Reality Company",20th Century Fox Film Corporation,https://store.steampowered.com/app/350380/,"0 .. 20,000",0,0,0,0,0,,499,499,0,"Adventure, Casual, Simulation","{""Adventure"": 22, ""Simulation"": 22, ""Casual"": 21, ""VR"": 9}"
350480,Tales of Cosmos,"Oct 20, 2016",2016-10-20,USD,1499,1499,0,$14.99,Red Dwarf Games,Red Dwarf Games,https://store.steampowered.com/app/350480/,"0 .. 20,000",0,0,0,0,0,,1499,1499,0,"Adventure, Indie","{""Adventure"": 37, ""Indie"": 35, ""Point & Click"": 17, ""Space"": 16, ""2D"": 15, ""Sci-fi"": 14, ""Singleplayer"": 14, ""Atmospheric"": 14, ""Open World"": 14, ""Puzzle"": 14, ""Cartoony"": 13, ""Cute"": 13, ""Hand-drawn"": 13, ""Funny"": 12, ""Mystery"": 12, ""Flight"": 12, ""Great Soundtrack"": 11, ""Hidden Object"": 7}"
350600,BIOS,"Dec 13, 2016",2016-12-13,USD,299,299,0,$2.99,PIXYUL,PIXYUL,https://store.steampowered.com/app/350600/,"20,000 .. 50,000",0,0,0,0,0,,299,299,0,"Action, Indie","{""Action"": 88, ""Shooter"": 79, ""FPS"": 45, ""Zombies"": 43, ""Competitive"": 38, ""First-Person"": 35, ""Multiplayer"": 34, ""Co-op"": 33, ""Indie"": 27, ""Early Access"": 15}"
350640,Sherlock Holmes: The Devil's Daughter,"Jun 10, 2016",2016-06-10,USD,2999,2999,0,$29.99,Frogwares,Frogwares,https://store.steampowered.com/app/350640/,"1,000,000 .. 2,000,000",21,0,0,0,0,,2999,2999,0,"Action, Adventure","{""Adventure"": 377, ""Detective"": 361, ""Mystery"": 312, ""Story Rich"": 309, ""Puzzle"": 300, ""Crime"": 285, ""Thriller"": 282, ""Singleplayer"": 279, ""Third Person"": 268, ""Atmospheric"": 262, ""Action"": 260, ""Investigation"": 229, ""Point & Click"": 227, ""Choices Matter"": 225, ""First-Person"": 215, ""Action-Adventure"": 213, ""3D"": 210, ""Casual"": 207, ""Controller"": 204, ""Multiplayer"": 193}"
350880,Archamon,"Nov 24, 2017",2017-11-24,USD,999,999,0,$9.99,Vionsoft,Vionsoft,https://store.steampowered.com/app/350880/,"0 .. 20,000",0,0,0,0,0,,999,999,0,"Indie, Strategy","{""Strategy"": 23, ""Indie"": 22, ""City Builder"": 5}"
351100,Niffelheim,"Sep 26, 2018",2018-09-26,USD,1999,1999,0,$19.99,Ellada Games,Ellada Games,https://store.steampowered.com/app/351100/,"20,000 .. 50,000",4,0,0,0,0,,1999,1999,0,"Action, Adventure, Indie, RPG, Simulation","{""Mythology"": 292, ""Co-op"": 275, ""RPG"": 263, ""Crafting"": 258, ""Sandbox"": 250, ""2D"": 241, ""Survival"": 237, ""Open World Survival Craft"": 231, ""Base-Building"": 228, ""Online Co-Op"": 226, ""Exploration"": 221, ""Open World"": 211, ""Simulation"": 210, ""Multiplayer"": 209, ""Adventure"": 207, ""Singleplayer"": 205, ""Action"": 202, ""Resource Management"": 202, ""Action RPG"": 201, ""PvP"": 198}"
351160,Poop Clicker,"Mar 25, 2022",2022-03-25,USD,99,99,0,$0.99,Serge Kornew,Serge Kornew,https://store.steampowered.com/app/351160/,"100,000 .. 200,000",4,0,0,0,0,,99,99,0,"Casual, Indie, Simulation","{""Casual"": 274, ""Simulation"": 264, ""Point & Click"": 238, ""Arcade"": 235, ""Farming Sim"": 228, ""Idler"": 220, ""2D Platformer"": 217, ""Clicker"": 217, ""2D"": 198, ""Top-Down"": 185, ""Cute"": 181, ""Colorful"": 166, ""Atmospheric"": 153, ""Family Friendly"": 151, ""Drama"": 137, ""Economy"": 119, ""Automation"": 103, ""Time Manipulation"": 85, ""Linear"": 65, ""Score Attack"": 46}"
351290,SURVIVAL: Postapocalypse Now,"Dec 3, 2019",2019-12-03,USD,1499,1499,0,$14.99,TB Games,TB Games,https://store.steampowered.com/app/351290/,"100,000 .. 200,000",3,0,0,0,0,,1499,1499,0,"Action, Adventure, Indie, Massively Multiplayer, Simulation","{""Open World Survival Craft"": 521, ""Survival"": 503, ""Open World"": 340, ""Multiplayer"": 339, ""Post-apocalyptic"": 276, ""FPS"": 198, ""Crafting"": 194, ""Action"": 189, ""Adventure"": 162, ""Zombies"": 146, ""Massively Multiplayer"": 143, ""Early Access"": 138, ""Building"": 121, ""First-Person"": 120, ""PvP"": 118, ""Co-op"": 117, ""Simulation"": 108, ""Shooter"": 104, ""Indie"": 94, ""Sandbox"": 93}"
351320,DROD: The Second Sky,"Nov 18, 2016",2016-11-18,USD,1499,1499,0,$14.99,Caravel Games,Caravel Games,https://store.steampowered.com/app/351320/,"20,000 .. 50,000",1,0,0,0,0,,1499,1499,0,"Adventure, Indie, Strategy","{""Strategy"": 22, ""Indie"": 22, ""Adventure"": 21, ""Puzzle"": 9}"
351690,Apple Jack 1&2,"May 3, 2017",2017-05-03,USD,599,599,0,$5.99,My Owl Software,My Owl Software,https://store.steampowered.com/app/351690/,"0 .. 20,000",0,0,0,0,0,,599,599,0,"Action, Indie","{""Action"": 32, ""Indie"": 32, ""Puzzle-Platformer"": 11}"
351920,Crazy Machines 3,"Oct 18, 2016",2016-10-18,USD,999,999,0,$9.99,Fakt Software,Daedalic Entertainment,https://store.steampowered.com/app/351920/,"500,000 .. 1,000,000",11,0,0,0,0,,999,999,0,"Simulation, Strategy","{""Simulation"": 66, ""Puzzle"": 64, ""Physics"": 62, ""Strategy"": 61, ""Sandbox"": 32, ""Singleplayer"": 27, ""Multiplayer"": 19, ""Building"": 16, ""Casual"": 15, ""Difficult"": 7}"
352370,Defect,"Jul 28, 2016",2016-07-28,USD,599,599,0,$5.99,Three Phase Interactive Pty Ltd,Three Phase Interactive Pty Ltd,https://store.steampowered.com/app/352370/,"0 .. 20,000",0,0,0,0,0,,599,599,0,"Action, Indie, Strategy","{""Strategy"": 31, ""Action"": 22, ""Indie"": 22, ""2D"": 12, ""Sci-fi"": 12, ""Space"": 11}"
352430,Farlight Explorers,"Feb 1, 2019",2019-02-01,USD,999,999,0,$9.99,Farlight Games Industry,Farlight Games Industry,https://store.steampowered.com/app/352430/,"0 .. 20,000",0,0,0,0,0,,999,999,0,"Indie, Simulation, Strategy","{""Indie"": 35, ""Building"": 30, ""Sandbox"": 29, ""Strategy"": 27, ""Simulation"": 25, ""Space"": 20, ""Crafting"": 10, ""Sci-fi"": 9, ""Automation"": 5}"
352550,Urban Empire,"Jan 20, 2017",2017-01-20,USD,2999,2999,0,$29.99,Reborn Games,Kalypso Media Digital,https://store.steampowered.com/app/352550/,"200,000 .. 500,000",3,0,0,0,0,,2999,2999,0,"Simulation, Strategy","{""Strategy"": 99, ""Simulation"": 87, ""City Builder"": 70, ""Politics"": 66, ""Political Sim"": 64, ""Management"": 63, ""Economy"": 54, ""Historical"": 39, ""RPG"": 23, ""Political"": 11, ""Singleplayer"": 8}"
352720,The Universim,"Jan 22, 2024",2024-01-22,USD,2999,2999,0,$29.99,Crytivo,Crytivo,https://store.steampowered.com/app/352720/,"200,000 .. 500,000",87,0,0,0,0,,2999,2999,0,"Indie, Simulation, Strategy","{""City Builder"": 352, ""God Game"": 347, ""Colony Sim"": 346, ""Sandbox"": 314, ""Building"": 307, ""Casual"": 290, ""Survival"": 283, ""Management"": 250, ""Strategy"": 231, ""Space"": 230, ""Simulation"": 225, ""Procedural Generation"": 216, ""Colorful"": 170, ""Sci-fi"": 168, ""Resource Management"": 167, ""Singleplayer"": 164, ""Aliens"": 157, ""Open World"": 144, ""Real-Time with Pause"": 139, ""Exploration"": 89}"
352810,Yukie: A Japanese Winter Fairy Tale,"Jul 14, 2017",2017-07-14,USD,299,299,0,$2.99,Vaka Game Magazine; ImCyan,Vaka Game Magazine,https://store.steampowered.com/app/352810/,"20,000 .. 50,000",0,0,0,0,0,,299,299,0,"Adventure, Indie","{""Cinematic"": 257, ""Visual Novel"": 246, ""Snow"": 241, ""Side Scroller"": 236, ""JRPG"": 231, ""2D"": 219, ""Surreal"": 215, ""Lore-Rich"": 209, ""Story Rich"": 204, ""Turn-Based Combat"": 200, ""Conversation"": 196, ""Casual"": 191, ""Anime"": 188, ""Pixel Graphics"": 179, ""Hand-drawn"": 169, ""Dark Fantasy"": 161, ""Fantasy"": 156, ""Drama"": 146, ""Atmospheric"": 138, ""Adventure"": 127}"
352890,Caravan,"Sep 30, 2016",2016-09-30,USD,599,599,0,$5.99,it Matters Games,Daedalic Entertainment,https://store.steampowered.com/app/352890/,"100,000 .. 200,000",3,0,0,0,0,,599,599,0,"Adventure, Indie, Simulation, Strategy","{""Strategy"": 66, ""Adventure"": 60, ""Simulation"": 56, ""Indie"": 53, ""Trading"": 31, ""Singleplayer"": 11}"
353080,Redrum: Time Lies,"Nov 7, 2018",2018-11-07,USD,699,699,0,$6.99,Anarchy Enterprises,Anarchy Enterprises,https://store.steampowered.com/app/353080/,"0 .. 20,000",0,0,0,0,0,,699,699,0,"Adventure, Casual, Indie","{""Adventure"": 33, ""Indie"": 33, ""Casual"": 33, ""Hidden Object"": 13, ""Puzzle"": 12, ""Horror"": 12, ""Point & Click"": 12, ""Story Rich"": 12, ""Singleplayer"": 12, ""Mystery"": 12, ""Female Protagonist"": 12, ""Classic"": 11, ""Psychological Horror"": 11}"
353990,Parvaneh: Legacy of the Light's Guardians,"Aug 26, 2016",2016-08-26,USD,999,999,0,$9.99,Bearded Bird Game Studio,KPL,https://store.steampowered.com/app/353990/,"20,000 .. 50,000",0,0,0,0,0,,999,999,0,"Action, Adventure, Indie","{""Action"": 22, ""Adventure"": 22, ""Indie"": 22, ""RPG"": 5}"
354400,Tadpole Treble,"Sep 2, 2016",2016-09-02,USD,499,499,0,$4.99,BitFinity,"BitFinity, Sunken Treasure Games",https://store.steampowered.com/app/354400/,"20,000 .. 50,000",0,0,0,0,0,,499,499,0,"Action, Adventure, Indie","{""Indie"": 39, ""Action"": 34, ""Adventure"": 34, ""Music"": 28, ""Level Editor"": 20, ""Arcade"": 17, ""Retro"": 13, ""Female Protagonist"": 9, ""Great Soundtrack"": 8, ""Rhythm"": 7, ""Shoot 'Em Up"": 5}"
354780,Teknedia,"Jan 8, 2021",2021-01-08,USD,999,999,0,$9.99,Stache Studios,Stache Studios,https://store.steampowered.com/app/354780/,"0 .. 20,000",0,0,0,0,0,,999,999,0,"Action, Adventure, Indie","{""Indie"": 91, ""Platformer"": 85, ""Action"": 82, ""VR"": 78, ""Arcade"": 76, ""First-Person"": 71, ""Adventure"": 67, ""Singleplayer"": 61, ""3D Platformer"": 60, ""Precision Platformer"": 57, ""3D"": 55, ""Abstract"": 53, ""Colorful"": 51, ""Futuristic"": 49, ""Parkour"": 47, ""Sci-fi"": 45, ""Surreal"": 43, ""Moddable"": 41, ""Score Attack"": 39, ""Racing"": 37}"
355010,Race Arcade,"Apr 5, 2017",2017-04-05,USD,299,1199,75,$2.99,Iceflake Studios,Paradox Interactive,https://store.steampowered.com/app/355010/,"0 .. 20,000",0,0,0,0,0,,299,1199,75,"Indie, Racing, Sports","{""Racing"": 37, ""Indie"": 32, ""Sports"": 31, ""Top-Down"": 6}"
355170,Sam & Max Hit the Road,"Nov 16, 2018",2018-11-16,USD,599,599,0,$5.99,Lucasfilm,Lucasfilm; Disney,https://store.steampowered.com/app/355170/,"50,000 .. 100,000",3,0,0,0,0,,599,599,0,Adventure,"{""Point & Click"": 45, ""Adventure"": 43, ""Funny"": 35, ""Cult Classic"": 34, ""1990's"": 33, ""Puzzle"": 31, ""Comedy"": 28, ""Singleplayer"": 27, ""Great Soundtrack"": 26, ""Story Rich"": 23, ""America"": 22, ""Retro"": 21, ""Blood"": 19, ""Classic"": 19, ""Pixel Graphics"": 17, ""Detective"": 9, ""LGBTQ+"": 5}"
